,lcl|AY377731_Cocculina_messingi_Unknown,lcl|AY923910_Cocculina_messingi_Unknown,lcl|EU530108_Cocculina_messingi_Unknown,lcl|GQ160744_Cocculina_subcompressa_Solomon,lcl|GQ160745_Cocculina_sp_Vanuatu,lcl|MK291078_C_cf_japonica_PapuaNewGuinea,lcl|MN539277_Cocculina_enigmadonta_WeddellSea,lcl|MN539278_Cocculina_enigmadonta_WeddellSea,lcl|MN539279_Cocculina_enigmadonta_WeddellSea,lcl|MN539280_Cocculina_enigmadonta_WeddellSea,lcl|MN539281_Cocculina_enigmadonta_WeddellSea,lcl|OL800715_C_subcompressa_PapuaNewGuinea,lcl|OL800720_C_subcompressa_Vanuatu,lcl|OL800721_C_subcompressa_Solomon,lcl|OL800722_Cocculina_sp_Solomon,lcl|OL800724_Cocculina_subcompressa_NewCaldonia,lcl|OL800726_Cocculina_subcompressa_Vanuatu,lcl|OL800730_Cocculina_subcompressa_Philippines,lcl|OL800731_Cocculina_subcompressa_Vanuatu,lcl|OL800739_Cocculina_subcompressa_Solomon,lcl|OL800741_Cocculina_sp_Solomon,lcl|OL800742_Cocculina_sp_Solomon,lcl|OL800743_Cocculina_sp_Solomon,lcl|OL800749_Cocculina_ovata_Philippines,lcl|OL800753_Cocculina_sp_Philippines,lcl|OL800754_Cocculina_ovata_PapuaNewGuinea,lcl|OL800755_Cocculina_ovata_PapuaNewGuinea,lcl|OL800758_Cocculina_subcompressa_PapuaNewGuinea,lcl|OL800759_Cocculina_subcompressa_PapuaNewGuinea,lcl|OL800761_Cocculina_subcompressa_PapuaNewGuinea,lcl|OL800762_Cocculina_subcompressa_PapuaNewGuinea,lcl|OL800763_Cocculina_subcompressa_PapuaNewGuinea,lcl|OL800765_Cocculina_subcompressa_PapuaNewGuinea,lcl|OL800766_Cocculina_subcompressa_PapuaNewGuinea,lcl|OL800774_Cocculina_subcompressa_NewCaledonia,lcl|OL800775_Cocculina_subcompressa_NewCaledonia,lcl|OL800777_Cocculina_subcompressa_NewCaledonia,lcl|OL800787_Cocculina_subcompressa_Vanuatu,lcl|OL800788_Cocculina_sp_Vanuatu,lcl|OL800811_Cocculina_sp_Solomon,lcl|OL800837_Cocculina_subcompressa_Solomon,lcl|OL800846_Cocculina_sp_Vanuatu,lcl|OL800852_Cocculina_subcompressa_Vanuatu,lcl|OL800853_Cocculina_subcompressa_Vanuatu,lcl|OL800854_Cocculina_subcompressa_Vanuatu,lcl|OL800857_Cocculina_sp_Vanuatu,lcl|OL800858_Cocculina_sp_Vanuatu,lcl|OL800859_Cocculina_sp_Vanuatu,lcl|OL800866_Cocculina_sp_Vanuatu,lcl|OL800867_Cocculina_sp_Vanuatu,lcl|OL800868_Cocculina_sp_Vanuatu,lcl|OL800869_Cocculina_sp_Vanuatu,lcl|OL800880_Cocculina_sp_PapuaNewGuinea,lcl|OL800881_Cocculina_sp_PapuaNewGuinea,lcl|OL800900_Cocculina_subcompressa_PapuaNewGuinea,lcl|OL800901_Cocculina_subcompressa_PapuaNewGuinea,lcl|OL800902_Cocculina_subcompressa_PapuaNewGuinea,lcl|OL800904_Cocculina_subcompressa_PapuaNewGuinea,lcl|OL800906_Cocculina_subcompressa_PapuaNewGuinea,lcl|OL800907_Cocculina_subcompressa_PapuaNewGuinea,lcl|OL800921_Cocculina_subcompressa_PapuaNewGuinea,lcl|OL800922_Cocculina_subcompressa_PapuaNewGuinea,lcl|OL800923_Cocculina_sp_PapuaNewGuinea,lcl|OL800924_Cocculina_sp_PapuaNewGuinea,lcl|OL800930_Cocculina_subcompressa_PapuaNewGuinea,lcl|OL800931_Cocculina_sp_PapuaNewGuinea,lcl|OL800935_Cocculina_ovata_PapuaNewGuinea,lcl|OL800936_Cocculina_ovata_PapuaNewGuinea,lcl|OL800937_Cocculina_ovata_PapuaNewGuinea,lcl|OL800955_Cocculina_ovata_Philippines,lcl|OL800956_Cocculina_ovata_Philippines,lcl|OL800957_Cocculina_ovata_Philippines,lcl|OL800958_Cocculina_ovata_Philippines,lcl|OL800965_Cocculina_sp_Madagascar,lcl|OL800967_Cocculina_subcompressa_NewCaledonia,lcl|OL800968_Cocculina_subcompressa_NewCaledonia,lcl|OL800970_Cocculina_subcompressa_Solomon,lcl|OL800971_Cocculina_subcompressa_Solomon,lcl|OL800975_Cocculina_subcompressa_Solomon,lcl|OL800976_Cocculina_subcompressa_Solomon,lcl|OL800977_Cocculina_subcompressa_Solomon,lcl|OL800978_Cocculina_subcompressa_Solomon,lcl|OL800979_Cocculina_subcompressa_Solomon,lcl|OL800980_Cocculina_subcompressa_Solomon,lcl|OL800987_Cocculina_subcompressa_Solomon,lcl|OL800988_Cocculina_sp_Solomon,lcl|OL800989_Cocculina_subcompressa_Solomon,lcl|OL800991_Cocculina_subcompressa_Solomon,lcl|OL800992_Cocculina_subcompressa_Solomon,lcl|OL800993_Cocculina_subcompressa_Solomon,lcl|OL800994_Cocculina_subcompressa_Solomon,lcl|OL800995_Cocculina_subcompressa_Solomon,lcl|OL800996_Cocculina_subcompressa_Solomon,lcl|OL800997_Cocculina_subcompressa_Solomon,lcl|OL800998_Cocculina_subcompressa_Solomon,lcl|OL801001_Cocculina_ovata_PapuaNewGuinea,lcl|OL801002_Cocculina_ovata_PapuaNewGuinea,lcl|OL801003_Cocculina_ovata_PapuaNewGuinea,lcl|OL801005_Cocculina_sp_Madagascar,lcl|OL801007_Cocculina_subcompressa_PapuaNewGuinea,lcl|OL801037_Cocculina_ovata_PapuaNewGuinea,lcl|OL801038_Cocculina_ovata_PapuaNewGuinea,lcl|OL801039_Cocculina_ovata_PapuaNewGuinea,lcl|OL801040_Cocculina_subcompressa_PapuaNewGuinea,lcl|OL801044_Cocculina_ovata_PapuaNewGuinea,lcl|OL801045_Cocculina_ovata_PapuaNewGuinea,lcl|OL801048_Cocculina_ovata_PapuaNewGuinea,lcl|OL801086_Cocculina_subcompressa_Vanuatu,lcl|OL801087_Cocculina_sp_Vanuatu,lcl|OL801088_Cocculina_sp_Vanuatu,lcl|OL801089_Cocculina_sp_Vanuatu,lcl|OL801091_Cocculina_sp_Vanuatu,lcl|OL801092_Cocculina_ovata_Philippines,lcl|OL801093_Cocculina_ovata_Philippines,lcl|OL801094_Cocculina_ovata_Philippines,lcl|OL801095_Cocculina_ovata_Philippines,lcl|OL801099_Cocculina_ovata_Philippines,lcl|OL801100_Cocculina_ovata_Philippines,lcl|OL801101_Cocculina_ovata_Philippines,lcl|OL801104_Cocculina_ovata_Philippines,lcl|OL801105_Cocculina_ovata_Philippines,lcl|OL801106_Cocculina_ovata_Philippines,lcl|OL801108_Cocculina_ovata_Philippines,lcl|OL801109_Cocculina_ovata_Philippines,lcl|OL801110_Cocculina_ovata_Philippines,lcl|OL801115_Cocculina_sp_Solomon,lcl|OL801116_Cocculina_sp_Solomon,lcl|OL801117_Cocculina_subcompressa_PapuaNewGuinea,lcl|OL801120_Cocculina_subcompressa_PapuaNewGuinea,lcl|OL801127_Cocculina_subcompressa_PapuaNewGuinea,lcl|OL801128_Cocculina_subcompressa_PapuaNewGuinea,lcl|OL801137_Cocculina_subcompressa_PapuaNewGuinea,lcl|OL801147_Cocculina_rathbuni_Caribbean,lcl|OL801148_Cocculina_rathbuni_Caribbean,lcl|OL801149_Cocculina_rathbuni_Caribbean,lcl|OL801150_Cocculina_rathbuni_Caribbean,lcl|OL801151_Cocculina_rathbuni_Caribbean,lcl|OL801209_Cocculina_sp_Vanuatu,lcl|ON873626_Cocculina_sp_ArcticOcean,lcl|ON873627_Cocculina_sp_ArcticOcean,lcl|ON873628_Cocculina_sp_ArcticOcean,Pyro10_MB2-HCO2198,pyro1-LCO1490_EC5752_QueposSeep_AD4923
lcl|AY377731_Cocculina_messingi_Unknown,,,,,,,,,,,,,,,,,,,,,,,,,,,,,,,,,,,,,,,,,,,,,,,,,,,,,,,,,,,,,,,,,,,,,,,,,,,,,,,,,,,,,,,,,,,,,,,,,,,,,,,,,,,,,,,,,,,,,,,,,,,,,,,,,,,,,,,,,,,,,,,
lcl|AY923910_Cocculina_messingi_Unknown,0,,,,,,,,,,,,,,,,,,,,,,,,,,,,,,,,,,,,,,,,,,,,,,,,,,,,,,,,,,,,,,,,,,,,,,,,,,,,,,,,,,,,,,,,,,,,,,,,,,,,,,,,,,,,,,,,,,,,,,,,,,,,,,,,,,,,,,,,,,,,,,
lcl|EU530108_Cocculina_messingi_Unknown,0,0,,,,,,,,,,,,,,,,,,,,,,,,,,,,,,,,,,,,,,,,,,,,,,,,,,,,,,,,,,,,,,,,,,,,,,,,,,,,,,,,,,,,,,,,,,,,,,,,,,,,,,,,,,,,,,,,,,,,,,,,,,,,,,,,,,,,,,,,,,,,,
lcl|GQ160744_Cocculina_subcompressa_Solomon,208,208,208,,,,,,,,,,,,,,,,,,,,,,,,,,,,,,,,,,,,,,,,,,,,,,,,,,,,,,,,,,,,,,,,,,,,,,,,,,,,,,,,,,,,,,,,,,,,,,,,,,,,,,,,,,,,,,,,,,,,,,,,,,,,,,,,,,,,,,,,,,,,
lcl|GQ160745_Cocculina_sp_Vanuatu,262,262,262,470,,,,,,,,,,,,,,,,,,,,,,,,,,,,,,,,,,,,,,,,,,,,,,,,,,,,,,,,,,,,,,,,,,,,,,,,,,,,,,,,,,,,,,,,,,,,,,,,,,,,,,,,,,,,,,,,,,,,,,,,,,,,,,,,,,,,,,,,,,,
lcl|MK291078_C_cf_japonica_PapuaNewGuinea,3888,3888,3888,3680,4150,,,,,,,,,,,,,,,,,,,,,,,,,,,,,,,,,,,,,,,,,,,,,,,,,,,,,,,,,,,,,,,,,,,,,,,,,,,,,,,,,,,,,,,,,,,,,,,,,,,,,,,,,,,,,,,,,,,,,,,,,,,,,,,,,,,,,,,,,,
lcl|MN539277_Cocculina_enigmadonta_WeddellSea,1019,1019,1019,811,1281,2869,,,,,,,,,,,,,,,,,,,,,,,,,,,,,,,,,,,,,,,,,,,,,,,,,,,,,,,,,,,,,,,,,,,,,,,,,,,,,,,,,,,,,,,,,,,,,,,,,,,,,,,,,,,,,,,,,,,,,,,,,,,,,,,,,,,,,,,,,
lcl|MN539278_Cocculina_enigmadonta_WeddellSea,1019,1019,1019,811,1281,2869,0,,,,,,,,,,,,,,,,,,,,,,,,,,,,,,,,,,,,,,,,,,,,,,,,,,,,,,,,,,,,,,,,,,,,,,,,,,,,,,,,,,,,,,,,,,,,,,,,,,,,,,,,,,,,,,,,,,,,,,,,,,,,,,,,,,,,,,,,
lcl|MN539279_Cocculina_enigmadonta_WeddellSea,1019,1019,1019,811,1281,2869,0,0,,,,,,,,,,,,,,,,,,,,,,,,,,,,,,,,,,,,,,,,,,,,,,,,,,,,,,,,,,,,,,,,,,,,,,,,,,,,,,,,,,,,,,,,,,,,,,,,,,,,,,,,,,,,,,,,,,,,,,,,,,,,,,,,,,,,,,,
lcl|MN539280_Cocculina_enigmadonta_WeddellSea,1019,1019,1019,811,1281,2869,0,0,0,,,,,,,,,,,,,,,,,,,,,,,,,,,,,,,,,,,,,,,,,,,,,,,,,,,,,,,,,,,,,,,,,,,,,,,,,,,,,,,,,,,,,,,,,,,,,,,,,,,,,,,,,,,,,,,,,,,,,,,,,,,,,,,,,,,,,,
lcl|MN539281_Cocculina_enigmadonta_WeddellSea,1022,1022,1022,814,1284,2866,3,3,3,3,,,,,,,,,,,,,,,,,,,,,,,,,,,,,,,,,,,,,,,,,,,,,,,,,,,,,,,,,,,,,,,,,,,,,,,,,,,,,,,,,,,,,,,,,,,,,,,,,,,,,,,,,,,,,,,,,,,,,,,,,,,,,,,,,,,,,
lcl|OL800715_C_subcompressa_PapuaNewGuinea,73,73,73,135,335,3815,946,946,946,946,949,,,,,,,,,,,,,,,,,,,,,,,,,,,,,,,,,,,,,,,,,,,,,,,,,,,,,,,,,,,,,,,,,,,,,,,,,,,,,,,,,,,,,,,,,,,,,,,,,,,,,,,,,,,,,,,,,,,,,,,,,,,,,,,,,,,,
lcl|OL800720_C_subcompressa_Vanuatu,88,88,88,120,350,3800,931,931,931,931,934,15,,,,,,,,,,,,,,,,,,,,,,,,,,,,,,,,,,,,,,,,,,,,,,,,,,,,,,,,,,,,,,,,,,,,,,,,,,,,,,,,,,,,,,,,,,,,,,,,,,,,,,,,,,,,,,,,,,,,,,,,,,,,,,,,,,,
lcl|OL800721_C_subcompressa_Solomon,185.5,185.5,185.5,22.5,447.5,3702.5,833.5,833.5,833.5,833.5,836.5,112.5,97.5,,,,,,,,,,,,,,,,,,,,,,,,,,,,,,,,,,,,,,,,,,,,,,,,,,,,,,,,,,,,,,,,,,,,,,,,,,,,,,,,,,,,,,,,,,,,,,,,,,,,,,,,,,,,,,,,,,,,,,,,,,,,,,,,,,
lcl|OL800722_Cocculina_sp_Solomon,192,192,192,400,70,4080,1211,1211,1211,1211,1214,265,280,377.5,,,,,,,,,,,,,,,,,,,,,,,,,,,,,,,,,,,,,,,,,,,,,,,,,,,,,,,,,,,,,,,,,,,,,,,,,,,,,,,,,,,,,,,,,,,,,,,,,,,,,,,,,,,,,,,,,,,,,,,,,,,,,,,,,
lcl|OL800724_Cocculina_subcompressa_NewCaldonia,138,138,138,70,400,3750,881,881,881,881,884,65,50,47.5,330,,,,,,,,,,,,,,,,,,,,,,,,,,,,,,,,,,,,,,,,,,,,,,,,,,,,,,,,,,,,,,,,,,,,,,,,,,,,,,,,,,,,,,,,,,,,,,,,,,,,,,,,,,,,,,,,,,,,,,,,,,,,,,,,
lcl|OL800726_Cocculina_subcompressa_Vanuatu,69.5,69.5,69.5,138.5,331.5,3818.5,949.5,949.5,949.5,949.5,952.5,3.5,18.5,116,261.5,68.5,,,,,,,,,,,,,,,,,,,,,,,,,,,,,,,,,,,,,,,,,,,,,,,,,,,,,,,,,,,,,,,,,,,,,,,,,,,,,,,,,,,,,,,,,,,,,,,,,,,,,,,,,,,,,,,,,,,,,,,,,,,,,,,
lcl|OL800730_Cocculina_subcompressa_Philippines,186,186,186,22,448,3702,833,833,833,833,836,113,98,0.5,378,48,116.5,,,,,,,,,,,,,,,,,,,,,,,,,,,,,,,,,,,,,,,,,,,,,,,,,,,,,,,,,,,,,,,,,,,,,,,,,,,,,,,,,,,,,,,,,,,,,,,,,,,,,,,,,,,,,,,,,,,,,,,,,,,,,,
lcl|OL800731_Cocculina_subcompressa_Vanuatu,186,186,186,22,448,3702,833,833,833,833,836,113,98,0.5,378,48,116.5,0,,,,,,,,,,,,,,,,,,,,,,,,,,,,,,,,,,,,,,,,,,,,,,,,,,,,,,,,,,,,,,,,,,,,,,,,,,,,,,,,,,,,,,,,,,,,,,,,,,,,,,,,,,,,,,,,,,,,,,,,,,,,,
lcl|OL800739_Cocculina_subcompressa_Solomon,110,110,110,98,372,3778,909,909,909,909,912,37,22,75.5,302,28,40.5,76,76,,,,,,,,,,,,,,,,,,,,,,,,,,,,,,,,,,,,,,,,,,,,,,,,,,,,,,,,,,,,,,,,,,,,,,,,,,,,,,,,,,,,,,,,,,,,,,,,,,,,,,,,,,,,,,,,,,,,,,,,,,,,
lcl|OL800741_Cocculina_sp_Solomon,158,158,158,366,104,4046,1177,1177,1177,1177,1180,231,246,343.5,34,296,227.5,344,344,268,,,,,,,,,,,,,,,,,,,,,,,,,,,,,,,,,,,,,,,,,,,,,,,,,,,,,,,,,,,,,,,,,,,,,,,,,,,,,,,,,,,,,,,,,,,,,,,,,,,,,,,,,,,,,,,,,,,,,,,,,,,
lcl|OL800742_Cocculina_sp_Solomon,158,158,158,366,104,4046,1177,1177,1177,1177,1180,231,246,343.5,34,296,227.5,344,344,268,0,,,,,,,,,,,,,,,,,,,,,,,,,,,,,,,,,,,,,,,,,,,,,,,,,,,,,,,,,,,,,,,,,,,,,,,,,,,,,,,,,,,,,,,,,,,,,,,,,,,,,,,,,,,,,,,,,,,,,,,,,,
lcl|OL800743_Cocculina_sp_Solomon,103,103,103,105,365,3785,916,916,916,916,919,30,15,82.5,295,35,33.5,83,83,7,261,261,,,,,,,,,,,,,,,,,,,,,,,,,,,,,,,,,,,,,,,,,,,,,,,,,,,,,,,,,,,,,,,,,,,,,,,,,,,,,,,,,,,,,,,,,,,,,,,,,,,,,,,,,,,,,,,,,,,,,,,,,
lcl|OL800749_Cocculina_ovata_Philippines,162,162,162,370,100,4050,1181,1181,1181,1181,1184,235,250,347.5,30,300,231.5,348,348,272,4,4,265,,,,,,,,,,,,,,,,,,,,,,,,,,,,,,,,,,,,,,,,,,,,,,,,,,,,,,,,,,,,,,,,,,,,,,,,,,,,,,,,,,,,,,,,,,,,,,,,,,,,,,,,,,,,,,,,,,,,,,,,
lcl|OL800753_Cocculina_sp_Philippines,201,201,201,409,61,4089,1220,1220,1220,1220,1223,274,289,386.5,9,339,270.5,387,387,311,43,43,304,39,,,,,,,,,,,,,,,,,,,,,,,,,,,,,,,,,,,,,,,,,,,,,,,,,,,,,,,,,,,,,,,,,,,,,,,,,,,,,,,,,,,,,,,,,,,,,,,,,,,,,,,,,,,,,,,,,,,,,,,
lcl|OL800754_Cocculina_ovata_PapuaNewGuinea,157.5,157.5,157.5,365.5,104.5,4045.5,1176.5,1176.5,1176.5,1176.5,1179.5,230.5,245.5,343,34.5,295.5,227,343.5,343.5,267.5,0.5,0.5,260.5,4.5,43.5,,,,,,,,,,,,,,,,,,,,,,,,,,,,,,,,,,,,,,,,,,,,,,,,,,,,,,,,,,,,,,,,,,,,,,,,,,,,,,,,,,,,,,,,,,,,,,,,,,,,,,,,,,,,,,,,,,,,,,
lcl|OL800755_Cocculina_ovata_PapuaNewGuinea,122,122,122,330,140,4010,1141,1141,1141,1141,1144,195,210,307.5,70,260,191.5,308,308,232,36,36,225,40,79,35.5,,,,,,,,,,,,,,,,,,,,,,,,,,,,,,,,,,,,,,,,,,,,,,,,,,,,,,,,,,,,,,,,,,,,,,,,,,,,,,,,,,,,,,,,,,,,,,,,,,,,,,,,,,,,,,,,,,,,,
lcl|OL800758_Cocculina_subcompressa_PapuaNewGuinea,2,2,2,210,260,3890,1021,1021,1021,1021,1024,75,90,187.5,190,140,71.5,188,188,112,156,156,105,160,199,155.5,120,,,,,,,,,,,,,,,,,,,,,,,,,,,,,,,,,,,,,,,,,,,,,,,,,,,,,,,,,,,,,,,,,,,,,,,,,,,,,,,,,,,,,,,,,,,,,,,,,,,,,,,,,,,,,,,,,,,,
lcl|OL800759_Cocculina_subcompressa_PapuaNewGuinea,1.5,1.5,1.5,209.5,260.5,3889.5,1020.5,1020.5,1020.5,1020.5,1023.5,74.5,89.5,187,190.5,139.5,71,187.5,187.5,111.5,156.5,156.5,104.5,160.5,199.5,156,120.5,0.5,,,,,,,,,,,,,,,,,,,,,,,,,,,,,,,,,,,,,,,,,,,,,,,,,,,,,,,,,,,,,,,,,,,,,,,,,,,,,,,,,,,,,,,,,,,,,,,,,,,,,,,,,,,,,,,,,,,
lcl|OL800761_Cocculina_subcompressa_PapuaNewGuinea,51,51,51,157,313,3837,968,968,968,968,971,22,37,134.5,243,87,18.5,135,135,59,209,209,52,213,252,208.5,173,53,52.5,,,,,,,,,,,,,,,,,,,,,,,,,,,,,,,,,,,,,,,,,,,,,,,,,,,,,,,,,,,,,,,,,,,,,,,,,,,,,,,,,,,,,,,,,,,,,,,,,,,,,,,,,,,,,,,,,,
lcl|OL800762_Cocculina_subcompressa_PapuaNewGuinea,51,51,51,157,313,3837,968,968,968,968,971,22,37,134.5,243,87,18.5,135,135,59,209,209,52,213,252,208.5,173,53,52.5,0,,,,,,,,,,,,,,,,,,,,,,,,,,,,,,,,,,,,,,,,,,,,,,,,,,,,,,,,,,,,,,,,,,,,,,,,,,,,,,,,,,,,,,,,,,,,,,,,,,,,,,,,,,,,,,,,,
lcl|OL800763_Cocculina_subcompressa_PapuaNewGuinea,103.5,103.5,103.5,104.5,365.5,3784.5,915.5,915.5,915.5,915.5,918.5,30.5,15.5,82,295.5,34.5,34,82.5,82.5,6.5,261.5,261.5,0.5,265.5,304.5,261,225.5,105.5,105,52.5,52.5,,,,,,,,,,,,,,,,,,,,,,,,,,,,,,,,,,,,,,,,,,,,,,,,,,,,,,,,,,,,,,,,,,,,,,,,,,,,,,,,,,,,,,,,,,,,,,,,,,,,,,,,,,,,,,,,
lcl|OL800765_Cocculina_subcompressa_PapuaNewGuinea,103.5,103.5,103.5,104.5,365.5,3784.5,915.5,915.5,915.5,915.5,918.5,30.5,15.5,82,295.5,34.5,34,82.5,82.5,6.5,261.5,261.5,0.5,265.5,304.5,261,225.5,105.5,105,52.5,52.5,0,,,,,,,,,,,,,,,,,,,,,,,,,,,,,,,,,,,,,,,,,,,,,,,,,,,,,,,,,,,,,,,,,,,,,,,,,,,,,,,,,,,,,,,,,,,,,,,,,,,,,,,,,,,,,,,
lcl|OL800766_Cocculina_subcompressa_PapuaNewGuinea,34,34,34,242,228,3922,1053,1053,1053,1053,1056,107,122,219.5,158,172,103.5,220,220,144,124,124,137,128,167,123.5,88,32,32.5,85,85,137.5,137.5,,,,,,,,,,,,,,,,,,,,,,,,,,,,,,,,,,,,,,,,,,,,,,,,,,,,,,,,,,,,,,,,,,,,,,,,,,,,,,,,,,,,,,,,,,,,,,,,,,,,,,,,,,,,,,
lcl|OL800774_Cocculina_subcompressa_NewCaledonia,138,138,138,70,400,3750,881,881,881,881,884,65,50,47.5,330,0,68.5,48,48,28,296,296,35,300,339,295.5,260,140,139.5,87,87,34.5,34.5,172,,,,,,,,,,,,,,,,,,,,,,,,,,,,,,,,,,,,,,,,,,,,,,,,,,,,,,,,,,,,,,,,,,,,,,,,,,,,,,,,,,,,,,,,,,,,,,,,,,,,,,,,,,,,,
lcl|OL800775_Cocculina_subcompressa_NewCaledonia,138,138,138,70,400,3750,881,881,881,881,884,65,50,47.5,330,0,68.5,48,48,28,296,296,35,300,339,295.5,260,140,139.5,87,87,34.5,34.5,172,0,,,,,,,,,,,,,,,,,,,,,,,,,,,,,,,,,,,,,,,,,,,,,,,,,,,,,,,,,,,,,,,,,,,,,,,,,,,,,,,,,,,,,,,,,,,,,,,,,,,,,,,,,,,,
lcl|OL800777_Cocculina_subcompressa_NewCaledonia,167.5,167.5,167.5,40.5,429.5,3720.5,851.5,851.5,851.5,851.5,854.5,94.5,79.5,18,359.5,29.5,98,18.5,18.5,57.5,325.5,325.5,64.5,329.5,368.5,325,289.5,169.5,169,116.5,116.5,64,64,201.5,29.5,29.5,,,,,,,,,,,,,,,,,,,,,,,,,,,,,,,,,,,,,,,,,,,,,,,,,,,,,,,,,,,,,,,,,,,,,,,,,,,,,,,,,,,,,,,,,,,,,,,,,,,,,,,,,,,
lcl|OL800787_Cocculina_subcompressa_Vanuatu,156,156,156,52,418,3732,863,863,863,863,866,83,68,29.5,348,18,86.5,30,30,46,314,314,53,318,357,313.5,278,158,157.5,105,105,52.5,52.5,190,18,18,11.5,,,,,,,,,,,,,,,,,,,,,,,,,,,,,,,,,,,,,,,,,,,,,,,,,,,,,,,,,,,,,,,,,,,,,,,,,,,,,,,,,,,,,,,,,,,,,,,,,,,,,,,,,,
lcl|OL800788_Cocculina_sp_Vanuatu,192.5,192.5,192.5,400.5,69.5,4080.5,1211.5,1211.5,1211.5,1211.5,1214.5,265.5,280.5,378,0.5,330.5,262,378.5,378.5,302.5,34.5,34.5,295.5,30.5,8.5,35,70.5,190.5,191,243.5,243.5,296,296,158.5,330.5,330.5,360,348.5,,,,,,,,,,,,,,,,,,,,,,,,,,,,,,,,,,,,,,,,,,,,,,,,,,,,,,,,,,,,,,,,,,,,,,,,,,,,,,,,,,,,,,,,,,,,,,,,,,,,,,,,,
lcl|OL800811_Cocculina_sp_Solomon,139.5,139.5,139.5,347.5,122.5,4027.5,1158.5,1158.5,1158.5,1158.5,1161.5,212.5,227.5,325,52.5,277.5,209,325.5,325.5,249.5,18.5,18.5,242.5,22.5,61.5,18,17.5,137.5,138,190.5,190.5,243,243,105.5,277.5,277.5,307,295.5,53,,,,,,,,,,,,,,,,,,,,,,,,,,,,,,,,,,,,,,,,,,,,,,,,,,,,,,,,,,,,,,,,,,,,,,,,,,,,,,,,,,,,,,,,,,,,,,,,,,,,,,,,
lcl|OL800837_Cocculina_subcompressa_Solomon,345,345,345,137,607,3543,674,674,674,674,677,272,257,159.5,537,207,275.5,159,159,235,503,503,242,507,546,502.5,467,347,346.5,294,294,241.5,241.5,379,207,207,177.5,189,537.5,484.5,,,,,,,,,,,,,,,,,,,,,,,,,,,,,,,,,,,,,,,,,,,,,,,,,,,,,,,,,,,,,,,,,,,,,,,,,,,,,,,,,,,,,,,,,,,,,,,,,,,,,,,
lcl|OL800846_Cocculina_sp_Vanuatu,163.5,163.5,163.5,371.5,98.5,4051.5,1182.5,1182.5,1182.5,1182.5,1185.5,236.5,251.5,349,28.5,301.5,233,349.5,349.5,273.5,5.5,5.5,266.5,1.5,37.5,6,41.5,161.5,162,214.5,214.5,267,267,129.5,301.5,301.5,331,319.5,29,24,508.5,,,,,,,,,,,,,,,,,,,,,,,,,,,,,,,,,,,,,,,,,,,,,,,,,,,,,,,,,,,,,,,,,,,,,,,,,,,,,,,,,,,,,,,,,,,,,,,,,,,,,,
lcl|OL800852_Cocculina_subcompressa_Vanuatu,145.5,145.5,145.5,62.5,407.5,3742.5,873.5,873.5,873.5,873.5,876.5,72.5,57.5,40,337.5,7.5,76,40.5,40.5,35.5,303.5,303.5,42.5,307.5,346.5,303,267.5,147.5,147,94.5,94.5,42,42,179.5,7.5,7.5,22,10.5,338,285,199.5,309,,,,,,,,,,,,,,,,,,,,,,,,,,,,,,,,,,,,,,,,,,,,,,,,,,,,,,,,,,,,,,,,,,,,,,,,,,,,,,,,,,,,,,,,,,,,,,,,,,,,,
lcl|OL800853_Cocculina_subcompressa_Vanuatu,145.5,145.5,145.5,62.5,407.5,3742.5,873.5,873.5,873.5,873.5,876.5,72.5,57.5,40,337.5,7.5,76,40.5,40.5,35.5,303.5,303.5,42.5,307.5,346.5,303,267.5,147.5,147,94.5,94.5,42,42,179.5,7.5,7.5,22,10.5,338,285,199.5,309,0,,,,,,,,,,,,,,,,,,,,,,,,,,,,,,,,,,,,,,,,,,,,,,,,,,,,,,,,,,,,,,,,,,,,,,,,,,,,,,,,,,,,,,,,,,,,,,,,,,,,
lcl|OL800854_Cocculina_subcompressa_Vanuatu,145.5,145.5,145.5,62.5,407.5,3742.5,873.5,873.5,873.5,873.5,876.5,72.5,57.5,40,337.5,7.5,76,40.5,40.5,35.5,303.5,303.5,42.5,307.5,346.5,303,267.5,147.5,147,94.5,94.5,42,42,179.5,7.5,7.5,22,10.5,338,285,199.5,309,0,0,,,,,,,,,,,,,,,,,,,,,,,,,,,,,,,,,,,,,,,,,,,,,,,,,,,,,,,,,,,,,,,,,,,,,,,,,,,,,,,,,,,,,,,,,,,,,,,,,,,
lcl|OL800857_Cocculina_sp_Vanuatu,70,70,70,278,192,3958,1089,1089,1089,1089,1092,143,158,255.5,122,208,139.5,256,256,180,88,88,173,92,131,87.5,52,68,68.5,121,121,173.5,173.5,36,208,208,237.5,226,122.5,69.5,415,93.5,215.5,215.5,215.5,,,,,,,,,,,,,,,,,,,,,,,,,,,,,,,,,,,,,,,,,,,,,,,,,,,,,,,,,,,,,,,,,,,,,,,,,,,,,,,,,,,,,,,,,,,,,,,,,,
lcl|OL800858_Cocculina_sp_Vanuatu,70,70,70,278,192,3958,1089,1089,1089,1089,1092,143,158,255.5,122,208,139.5,256,256,180,88,88,173,92,131,87.5,52,68,68.5,121,121,173.5,173.5,36,208,208,237.5,226,122.5,69.5,415,93.5,215.5,215.5,215.5,0,,,,,,,,,,,,,,,,,,,,,,,,,,,,,,,,,,,,,,,,,,,,,,,,,,,,,,,,,,,,,,,,,,,,,,,,,,,,,,,,,,,,,,,,,,,,,,,,,
lcl|OL800859_Cocculina_sp_Vanuatu,70,70,70,278,192,3958,1089,1089,1089,1089,1092,143,158,255.5,122,208,139.5,256,256,180,88,88,173,92,131,87.5,52,68,68.5,121,121,173.5,173.5,36,208,208,237.5,226,122.5,69.5,415,93.5,215.5,215.5,215.5,0,0,,,,,,,,,,,,,,,,,,,,,,,,,,,,,,,,,,,,,,,,,,,,,,,,,,,,,,,,,,,,,,,,,,,,,,,,,,,,,,,,,,,,,,,,,,,,,,,,
lcl|OL800866_Cocculina_sp_Vanuatu,55.5,55.5,55.5,263.5,206.5,3943.5,1074.5,1074.5,1074.5,1074.5,1077.5,128.5,143.5,241,136.5,193.5,125,241.5,241.5,165.5,102.5,102.5,158.5,106.5,145.5,102,66.5,53.5,54,106.5,106.5,159,159,21.5,193.5,193.5,223,211.5,137,84,400.5,108,201,201,201,14.5,14.5,14.5,,,,,,,,,,,,,,,,,,,,,,,,,,,,,,,,,,,,,,,,,,,,,,,,,,,,,,,,,,,,,,,,,,,,,,,,,,,,,,,,,,,,,,,,,,,,,,,
lcl|OL800867_Cocculina_sp_Vanuatu,55.5,55.5,55.5,263.5,206.5,3943.5,1074.5,1074.5,1074.5,1074.5,1077.5,128.5,143.5,241,136.5,193.5,125,241.5,241.5,165.5,102.5,102.5,158.5,106.5,145.5,102,66.5,53.5,54,106.5,106.5,159,159,21.5,193.5,193.5,223,211.5,137,84,400.5,108,201,201,201,14.5,14.5,14.5,0,,,,,,,,,,,,,,,,,,,,,,,,,,,,,,,,,,,,,,,,,,,,,,,,,,,,,,,,,,,,,,,,,,,,,,,,,,,,,,,,,,,,,,,,,,,,,,
lcl|OL800868_Cocculina_sp_Vanuatu,55.5,55.5,55.5,263.5,206.5,3943.5,1074.5,1074.5,1074.5,1074.5,1077.5,128.5,143.5,241,136.5,193.5,125,241.5,241.5,165.5,102.5,102.5,158.5,106.5,145.5,102,66.5,53.5,54,106.5,106.5,159,159,21.5,193.5,193.5,223,211.5,137,84,400.5,108,201,201,201,14.5,14.5,14.5,0,0,,,,,,,,,,,,,,,,,,,,,,,,,,,,,,,,,,,,,,,,,,,,,,,,,,,,,,,,,,,,,,,,,,,,,,,,,,,,,,,,,,,,,,,,,,,,,
lcl|OL800869_Cocculina_sp_Vanuatu,55.5,55.5,55.5,263.5,206.5,3943.5,1074.5,1074.5,1074.5,1074.5,1077.5,128.5,143.5,241,136.5,193.5,125,241.5,241.5,165.5,102.5,102.5,158.5,106.5,145.5,102,66.5,53.5,54,106.5,106.5,159,159,21.5,193.5,193.5,223,211.5,137,84,400.5,108,201,201,201,14.5,14.5,14.5,0,0,0,,,,,,,,,,,,,,,,,,,,,,,,,,,,,,,,,,,,,,,,,,,,,,,,,,,,,,,,,,,,,,,,,,,,,,,,,,,,,,,,,,,,,,,,,,,,
lcl|OL800880_Cocculina_sp_PapuaNewGuinea,228,228,228,20,490,3660,791,791,791,791,794,155,140,42.5,420,90,158.5,42,42,118,386,386,125,390,429,385.5,350,230,229.5,177,177,124.5,124.5,262,90,90,60.5,72,420.5,367.5,117,391.5,82.5,82.5,82.5,298,298,298,283.5,283.5,283.5,283.5,,,,,,,,,,,,,,,,,,,,,,,,,,,,,,,,,,,,,,,,,,,,,,,,,,,,,,,,,,,,,,,,,,,,,,,,,,,,,,,,,,,,,,,,,,,
lcl|OL800881_Cocculina_sp_PapuaNewGuinea,182,182,182,26,444,3706,837,837,837,837,840,109,94,3.5,374,44,112.5,4,4,72,340,340,79,344,383,339.5,304,184,183.5,131,131,78.5,78.5,216,44,44,14.5,26,374.5,321.5,163,345.5,36.5,36.5,36.5,252,252,252,237.5,237.5,237.5,237.5,46,,,,,,,,,,,,,,,,,,,,,,,,,,,,,,,,,,,,,,,,,,,,,,,,,,,,,,,,,,,,,,,,,,,,,,,,,,,,,,,,,,,,,,,,,,
lcl|OL800900_Cocculina_subcompressa_PapuaNewGuinea,107,107,107,101,369,3781,912,912,912,912,915,34,19,78.5,299,31,37.5,79,79,3,265,265,4,269,308,264.5,229,109,108.5,56,56,3.5,3.5,141,31,31,60.5,49,299.5,246.5,238,270.5,38.5,38.5,38.5,177,177,177,162.5,162.5,162.5,162.5,121,75,,,,,,,,,,,,,,,,,,,,,,,,,,,,,,,,,,,,,,,,,,,,,,,,,,,,,,,,,,,,,,,,,,,,,,,,,,,,,,,,,,,,,,,,,
lcl|OL800901_Cocculina_subcompressa_PapuaNewGuinea,107,107,107,101,369,3781,912,912,912,912,915,34,19,78.5,299,31,37.5,79,79,3,265,265,4,269,308,264.5,229,109,108.5,56,56,3.5,3.5,141,31,31,60.5,49,299.5,246.5,238,270.5,38.5,38.5,38.5,177,177,177,162.5,162.5,162.5,162.5,121,75,0,,,,,,,,,,,,,,,,,,,,,,,,,,,,,,,,,,,,,,,,,,,,,,,,,,,,,,,,,,,,,,,,,,,,,,,,,,,,,,,,,,,,,,,,
lcl|OL800902_Cocculina_subcompressa_PapuaNewGuinea,107,107,107,101,369,3781,912,912,912,912,915,34,19,78.5,299,31,37.5,79,79,3,265,265,4,269,308,264.5,229,109,108.5,56,56,3.5,3.5,141,31,31,60.5,49,299.5,246.5,238,270.5,38.5,38.5,38.5,177,177,177,162.5,162.5,162.5,162.5,121,75,0,0,,,,,,,,,,,,,,,,,,,,,,,,,,,,,,,,,,,,,,,,,,,,,,,,,,,,,,,,,,,,,,,,,,,,,,,,,,,,,,,,,,,,,,,
lcl|OL800904_Cocculina_subcompressa_PapuaNewGuinea,28,28,28,180,290,3860,991,991,991,991,994,45,60,157.5,220,110,41.5,158,158,82,186,186,75,190,229,185.5,150,30,29.5,23,23,75.5,75.5,62,110,110,139.5,128,220.5,167.5,317,191.5,117.5,117.5,117.5,98,98,98,83.5,83.5,83.5,83.5,200,154,79,79,79,,,,,,,,,,,,,,,,,,,,,,,,,,,,,,,,,,,,,,,,,,,,,,,,,,,,,,,,,,,,,,,,,,,,,,,,,,,,,,,,,,,,,,
lcl|OL800906_Cocculina_subcompressa_PapuaNewGuinea,148,148,148,60,410,3740,871,871,871,871,874,75,60,37.5,340,10,78.5,38,38,38,306,306,45,310,349,305.5,270,150,149.5,97,97,44.5,44.5,182,10,10,19.5,8,340.5,287.5,197,311.5,2.5,2.5,2.5,218,218,218,203.5,203.5,203.5,203.5,80,34,41,41,41,120,,,,,,,,,,,,,,,,,,,,,,,,,,,,,,,,,,,,,,,,,,,,,,,,,,,,,,,,,,,,,,,,,,,,,,,,,,,,,,,,,,,,,
lcl|OL800907_Cocculina_subcompressa_PapuaNewGuinea,148,148,148,60,410,3740,871,871,871,871,874,75,60,37.5,340,10,78.5,38,38,38,306,306,45,310,349,305.5,270,150,149.5,97,97,44.5,44.5,182,10,10,19.5,8,340.5,287.5,197,311.5,2.5,2.5,2.5,218,218,218,203.5,203.5,203.5,203.5,80,34,41,41,41,120,0,,,,,,,,,,,,,,,,,,,,,,,,,,,,,,,,,,,,,,,,,,,,,,,,,,,,,,,,,,,,,,,,,,,,,,,,,,,,,,,,,,,,
lcl|OL800921_Cocculina_subcompressa_PapuaNewGuinea,43,43,43,165,305,3845,976,976,976,976,979,30,45,142.5,235,95,26.5,143,143,67,201,201,60,205,244,200.5,165,45,44.5,8,8,60.5,60.5,77,95,95,124.5,113,235.5,182.5,302,206.5,102.5,102.5,102.5,113,113,113,98.5,98.5,98.5,98.5,185,139,64,64,64,15,105,105,,,,,,,,,,,,,,,,,,,,,,,,,,,,,,,,,,,,,,,,,,,,,,,,,,,,,,,,,,,,,,,,,,,,,,,,,,,,,,,,,,,
lcl|OL800922_Cocculina_subcompressa_PapuaNewGuinea,43,43,43,165,305,3845,976,976,976,976,979,30,45,142.5,235,95,26.5,143,143,67,201,201,60,205,244,200.5,165,45,44.5,8,8,60.5,60.5,77,95,95,124.5,113,235.5,182.5,302,206.5,102.5,102.5,102.5,113,113,113,98.5,98.5,98.5,98.5,185,139,64,64,64,15,105,105,0,,,,,,,,,,,,,,,,,,,,,,,,,,,,,,,,,,,,,,,,,,,,,,,,,,,,,,,,,,,,,,,,,,,,,,,,,,,,,,,,,,
lcl|OL800923_Cocculina_sp_PapuaNewGuinea,90.5,90.5,90.5,117.5,352.5,3797.5,928.5,928.5,928.5,928.5,931.5,17.5,2.5,95,282.5,47.5,21,95.5,95.5,19.5,248.5,248.5,12.5,252.5,291.5,248,212.5,92.5,92,39.5,39.5,13,13,124.5,47.5,47.5,77,65.5,283,230,254.5,254,55,55,55,160.5,160.5,160.5,146,146,146,146,137.5,91.5,16.5,16.5,16.5,62.5,57.5,57.5,47.5,47.5,,,,,,,,,,,,,,,,,,,,,,,,,,,,,,,,,,,,,,,,,,,,,,,,,,,,,,,,,,,,,,,,,,,,,,,,,,,,,,,,,
lcl|OL800924_Cocculina_sp_PapuaNewGuinea,90.5,90.5,90.5,117.5,352.5,3797.5,928.5,928.5,928.5,928.5,931.5,17.5,2.5,95,282.5,47.5,21,95.5,95.5,19.5,248.5,248.5,12.5,252.5,291.5,248,212.5,92.5,92,39.5,39.5,13,13,124.5,47.5,47.5,77,65.5,283,230,254.5,254,55,55,55,160.5,160.5,160.5,146,146,146,146,137.5,91.5,16.5,16.5,16.5,62.5,57.5,57.5,47.5,47.5,0,,,,,,,,,,,,,,,,,,,,,,,,,,,,,,,,,,,,,,,,,,,,,,,,,,,,,,,,,,,,,,,,,,,,,,,,,,,,,,,,
lcl|OL800930_Cocculina_subcompressa_PapuaNewGuinea,273,273,273,65,535,3615,746,746,746,746,749,200,185,87.5,465,135,203.5,87,87,163,431,431,170,435,474,430.5,395,275,274.5,222,222,169.5,169.5,307,135,135,105.5,117,465.5,412.5,72,436.5,127.5,127.5,127.5,343,343,343,328.5,328.5,328.5,328.5,45,91,166,166,166,245,125,125,230,230,182.5,182.5,,,,,,,,,,,,,,,,,,,,,,,,,,,,,,,,,,,,,,,,,,,,,,,,,,,,,,,,,,,,,,,,,,,,,,,,,,,,,,,
lcl|OL800931_Cocculina_sp_PapuaNewGuinea,273,273,273,65,535,3615,746,746,746,746,749,200,185,87.5,465,135,203.5,87,87,163,431,431,170,435,474,430.5,395,275,274.5,222,222,169.5,169.5,307,135,135,105.5,117,465.5,412.5,72,436.5,127.5,127.5,127.5,343,343,343,328.5,328.5,328.5,328.5,45,91,166,166,166,245,125,125,230,230,182.5,182.5,0,,,,,,,,,,,,,,,,,,,,,,,,,,,,,,,,,,,,,,,,,,,,,,,,,,,,,,,,,,,,,,,,,,,,,,,,,,,,,,
lcl|OL800935_Cocculina_ovata_PapuaNewGuinea,108,108,108,316,154,3996,1127,1127,1127,1127,1130,181,196,293.5,84,246,177.5,294,294,218,50,50,211,54,93,49.5,14,106,106.5,159,159,211.5,211.5,74,246,246,275.5,264,84.5,31.5,453,55.5,253.5,253.5,253.5,38,38,38,52.5,52.5,52.5,52.5,336,290,215,215,215,136,256,256,151,151,198.5,198.5,381,381,,,,,,,,,,,,,,,,,,,,,,,,,,,,,,,,,,,,,,,,,,,,,,,,,,,,,,,,,,,,,,,,,,,,,,,,,,,,,
lcl|OL800936_Cocculina_ovata_PapuaNewGuinea,108,108,108,316,154,3996,1127,1127,1127,1127,1130,181,196,293.5,84,246,177.5,294,294,218,50,50,211,54,93,49.5,14,106,106.5,159,159,211.5,211.5,74,246,246,275.5,264,84.5,31.5,453,55.5,253.5,253.5,253.5,38,38,38,52.5,52.5,52.5,52.5,336,290,215,215,215,136,256,256,151,151,198.5,198.5,381,381,0,,,,,,,,,,,,,,,,,,,,,,,,,,,,,,,,,,,,,,,,,,,,,,,,,,,,,,,,,,,,,,,,,,,,,,,,,,,,
lcl|OL800937_Cocculina_ovata_PapuaNewGuinea,108,108,108,316,154,3996,1127,1127,1127,1127,1130,181,196,293.5,84,246,177.5,294,294,218,50,50,211,54,93,49.5,14,106,106.5,159,159,211.5,211.5,74,246,246,275.5,264,84.5,31.5,453,55.5,253.5,253.5,253.5,38,38,38,52.5,52.5,52.5,52.5,336,290,215,215,215,136,256,256,151,151,198.5,198.5,381,381,0,0,,,,,,,,,,,,,,,,,,,,,,,,,,,,,,,,,,,,,,,,,,,,,,,,,,,,,,,,,,,,,,,,,,,,,,,,,,,
lcl|OL800955_Cocculina_ovata_Philippines,290.5,290.5,290.5,498.5,28.5,4178.5,1309.5,1309.5,1309.5,1309.5,1312.5,363.5,378.5,476,98.5,428.5,360,476.5,476.5,400.5,132.5,132.5,393.5,128.5,89.5,133,168.5,288.5,289,341.5,341.5,394,394,256.5,428.5,428.5,458,446.5,98,151,635.5,127,436,436,436,220.5,220.5,220.5,235,235,235,235,518.5,472.5,397.5,397.5,397.5,318.5,438.5,438.5,333.5,333.5,381,381,563.5,563.5,182.5,182.5,182.5,,,,,,,,,,,,,,,,,,,,,,,,,,,,,,,,,,,,,,,,,,,,,,,,,,,,,,,,,,,,,,,,,,,,,,,,,,
lcl|OL800956_Cocculina_ovata_Philippines,290.5,290.5,290.5,498.5,28.5,4178.5,1309.5,1309.5,1309.5,1309.5,1312.5,363.5,378.5,476,98.5,428.5,360,476.5,476.5,400.5,132.5,132.5,393.5,128.5,89.5,133,168.5,288.5,289,341.5,341.5,394,394,256.5,428.5,428.5,458,446.5,98,151,635.5,127,436,436,436,220.5,220.5,220.5,235,235,235,235,518.5,472.5,397.5,397.5,397.5,318.5,438.5,438.5,333.5,333.5,381,381,563.5,563.5,182.5,182.5,182.5,0,,,,,,,,,,,,,,,,,,,,,,,,,,,,,,,,,,,,,,,,,,,,,,,,,,,,,,,,,,,,,,,,,,,,,,,,,
lcl|OL800957_Cocculina_ovata_Philippines,258,258,258,466,4,4146,1277,1277,1277,1277,1280,331,346,443.5,66,396,327.5,444,444,368,100,100,361,96,57,100.5,136,256,256.5,309,309,361.5,361.5,224,396,396,425.5,414,65.5,118.5,603,94.5,403.5,403.5,403.5,188,188,188,202.5,202.5,202.5,202.5,486,440,365,365,365,286,406,406,301,301,348.5,348.5,531,531,150,150,150,32.5,32.5,,,,,,,,,,,,,,,,,,,,,,,,,,,,,,,,,,,,,,,,,,,,,,,,,,,,,,,,,,,,,,,,,,,,,,,,
lcl|OL800958_Cocculina_ovata_Philippines,258,258,258,466,4,4146,1277,1277,1277,1277,1280,331,346,443.5,66,396,327.5,444,444,368,100,100,361,96,57,100.5,136,256,256.5,309,309,361.5,361.5,224,396,396,425.5,414,65.5,118.5,603,94.5,403.5,403.5,403.5,188,188,188,202.5,202.5,202.5,202.5,486,440,365,365,365,286,406,406,301,301,348.5,348.5,531,531,150,150,150,32.5,32.5,0,,,,,,,,,,,,,,,,,,,,,,,,,,,,,,,,,,,,,,,,,,,,,,,,,,,,,,,,,,,,,,,,,,,,,,,
lcl|OL800965_Cocculina_sp_Madagascar,108,108,108,100,370,3780,911,911,911,911,914,35,20,77.5,300,30,38.5,78,78,2,266,266,5,270,309,265.5,230,110,109.5,57,57,4.5,4.5,142,30,30,59.5,48,300.5,247.5,237,271.5,37.5,37.5,37.5,178,178,178,163.5,163.5,163.5,163.5,120,74,1,1,1,80,40,40,65,65,17.5,17.5,165,165,216,216,216,398.5,398.5,366,366,,,,,,,,,,,,,,,,,,,,,,,,,,,,,,,,,,,,,,,,,,,,,,,,,,,,,,,,,,,,,,,,,,,,,,
lcl|OL800967_Cocculina_subcompressa_NewCaledonia,125.5,125.5,125.5,82.5,387.5,3762.5,893.5,893.5,893.5,893.5,896.5,52.5,37.5,60,317.5,12.5,56,60.5,60.5,15.5,283.5,283.5,22.5,287.5,326.5,283,247.5,127.5,127,74.5,74.5,22,22,159.5,12.5,12.5,42,30.5,318,265,219.5,289,20,20,20,195.5,195.5,195.5,181,181,181,181,102.5,56.5,18.5,18.5,18.5,97.5,22.5,22.5,82.5,82.5,35,35,147.5,147.5,233.5,233.5,233.5,416,416,383.5,383.5,17.5,,,,,,,,,,,,,,,,,,,,,,,,,,,,,,,,,,,,,,,,,,,,,,,,,,,,,,,,,,,,,,,,,,,,,
lcl|OL800968_Cocculina_subcompressa_NewCaledonia,209.5,209.5,209.5,1.5,471.5,3678.5,809.5,809.5,809.5,809.5,812.5,136.5,121.5,24,401.5,71.5,140,23.5,23.5,99.5,367.5,367.5,106.5,371.5,410.5,367,331.5,211.5,211,158.5,158.5,106,106,243.5,71.5,71.5,42,53.5,402,349,135.5,373,64,64,64,279.5,279.5,279.5,265,265,265,265,18.5,27.5,102.5,102.5,102.5,181.5,61.5,61.5,166.5,166.5,119,119,63.5,63.5,317.5,317.5,317.5,500,500,467.5,467.5,101.5,84,,,,,,,,,,,,,,,,,,,,,,,,,,,,,,,,,,,,,,,,,,,,,,,,,,,,,,,,,,,,,,,,,,,,
lcl|OL800970_Cocculina_subcompressa_Solomon,10.5,10.5,10.5,218.5,251.5,3898.5,1029.5,1029.5,1029.5,1029.5,1032.5,83.5,98.5,196,181.5,148.5,80,196.5,196.5,120.5,147.5,147.5,113.5,151.5,190.5,147,111.5,8.5,9,61.5,61.5,114,114,23.5,148.5,148.5,178,166.5,182,129,355.5,153,156,156,156,59.5,59.5,59.5,45,45,45,45,238.5,192.5,117.5,117.5,117.5,38.5,158.5,158.5,53.5,53.5,101,101,283.5,283.5,97.5,97.5,97.5,280,280,247.5,247.5,118.5,136,220,,,,,,,,,,,,,,,,,,,,,,,,,,,,,,,,,,,,,,,,,,,,,,,,,,,,,,,,,,,,,,,,,,,
lcl|OL800971_Cocculina_subcompressa_Solomon,10.5,10.5,10.5,218.5,251.5,3898.5,1029.5,1029.5,1029.5,1029.5,1032.5,83.5,98.5,196,181.5,148.5,80,196.5,196.5,120.5,147.5,147.5,113.5,151.5,190.5,147,111.5,8.5,9,61.5,61.5,114,114,23.5,148.5,148.5,178,166.5,182,129,355.5,153,156,156,156,59.5,59.5,59.5,45,45,45,45,238.5,192.5,117.5,117.5,117.5,38.5,158.5,158.5,53.5,53.5,101,101,283.5,283.5,97.5,97.5,97.5,280,280,247.5,247.5,118.5,136,220,0,,,,,,,,,,,,,,,,,,,,,,,,,,,,,,,,,,,,,,,,,,,,,,,,,,,,,,,,,,,,,,,,,,
lcl|OL800975_Cocculina_subcompressa_Solomon,99,99,99,109,361,3789,920,920,920,920,923,26,11,86.5,291,39,29.5,87,87,11,257,257,4,261,300,256.5,221,101,100.5,48,48,4.5,4.5,133,39,39,68.5,57,291.5,238.5,246,262.5,46.5,46.5,46.5,169,169,169,154.5,154.5,154.5,154.5,129,83,8,8,8,71,49,49,56,56,8.5,8.5,174,174,207,207,207,389.5,389.5,357,357,9,26.5,110.5,109.5,109.5,,,,,,,,,,,,,,,,,,,,,,,,,,,,,,,,,,,,,,,,,,,,,,,,,,,,,,,,,,,,,,,,,
lcl|OL800976_Cocculina_subcompressa_Solomon,99,99,99,109,361,3789,920,920,920,920,923,26,11,86.5,291,39,29.5,87,87,11,257,257,4,261,300,256.5,221,101,100.5,48,48,4.5,4.5,133,39,39,68.5,57,291.5,238.5,246,262.5,46.5,46.5,46.5,169,169,169,154.5,154.5,154.5,154.5,129,83,8,8,8,71,49,49,56,56,8.5,8.5,174,174,207,207,207,389.5,389.5,357,357,9,26.5,110.5,109.5,109.5,0,,,,,,,,,,,,,,,,,,,,,,,,,,,,,,,,,,,,,,,,,,,,,,,,,,,,,,,,,,,,,,,,
lcl|OL800977_Cocculina_subcompressa_Solomon,99,99,99,109,361,3789,920,920,920,920,923,26,11,86.5,291,39,29.5,87,87,11,257,257,4,261,300,256.5,221,101,100.5,48,48,4.5,4.5,133,39,39,68.5,57,291.5,238.5,246,262.5,46.5,46.5,46.5,169,169,169,154.5,154.5,154.5,154.5,129,83,8,8,8,71,49,49,56,56,8.5,8.5,174,174,207,207,207,389.5,389.5,357,357,9,26.5,110.5,109.5,109.5,0,0,,,,,,,,,,,,,,,,,,,,,,,,,,,,,,,,,,,,,,,,,,,,,,,,,,,,,,,,,,,,,,,
lcl|OL800978_Cocculina_subcompressa_Solomon,295.5,295.5,295.5,87.5,557.5,3592.5,723.5,723.5,723.5,723.5,726.5,222.5,207.5,110,487.5,157.5,226,109.5,109.5,185.5,453.5,453.5,192.5,457.5,496.5,453,417.5,297.5,297,244.5,244.5,192,192,329.5,157.5,157.5,128,139.5,488,435,49.5,459,150,150,150,365.5,365.5,365.5,351,351,351,351,67.5,113.5,188.5,188.5,188.5,267.5,147.5,147.5,252.5,252.5,205,205,22.5,22.5,403.5,403.5,403.5,586,586,553.5,553.5,187.5,170,86,306,306,196.5,196.5,196.5,,,,,,,,,,,,,,,,,,,,,,,,,,,,,,,,,,,,,,,,,,,,,,,,,,,,,,,,,,,,,,
lcl|OL800979_Cocculina_subcompressa_Solomon,295.5,295.5,295.5,87.5,557.5,3592.5,723.5,723.5,723.5,723.5,726.5,222.5,207.5,110,487.5,157.5,226,109.5,109.5,185.5,453.5,453.5,192.5,457.5,496.5,453,417.5,297.5,297,244.5,244.5,192,192,329.5,157.5,157.5,128,139.5,488,435,49.5,459,150,150,150,365.5,365.5,365.5,351,351,351,351,67.5,113.5,188.5,188.5,188.5,267.5,147.5,147.5,252.5,252.5,205,205,22.5,22.5,403.5,403.5,403.5,586,586,553.5,553.5,187.5,170,86,306,306,196.5,196.5,196.5,0,,,,,,,,,,,,,,,,,,,,,,,,,,,,,,,,,,,,,,,,,,,,,,,,,,,,,,,,,,,,,
lcl|OL800980_Cocculina_subcompressa_Solomon,295.5,295.5,295.5,87.5,557.5,3592.5,723.5,723.5,723.5,723.5,726.5,222.5,207.5,110,487.5,157.5,226,109.5,109.5,185.5,453.5,453.5,192.5,457.5,496.5,453,417.5,297.5,297,244.5,244.5,192,192,329.5,157.5,157.5,128,139.5,488,435,49.5,459,150,150,150,365.5,365.5,365.5,351,351,351,351,67.5,113.5,188.5,188.5,188.5,267.5,147.5,147.5,252.5,252.5,205,205,22.5,22.5,403.5,403.5,403.5,586,586,553.5,553.5,187.5,170,86,306,306,196.5,196.5,196.5,0,0,,,,,,,,,,,,,,,,,,,,,,,,,,,,,,,,,,,,,,,,,,,,,,,,,,,,,,,,,,,,
lcl|OL800987_Cocculina_subcompressa_Solomon,6,6,6,214,256,3894,1025,1025,1025,1025,1028,79,94,191.5,186,144,75.5,192,192,116,152,152,109,156,195,151.5,116,4,4.5,57,57,109.5,109.5,28,144,144,173.5,162,186.5,133.5,351,157.5,151.5,151.5,151.5,64,64,64,49.5,49.5,49.5,49.5,234,188,113,113,113,34,154,154,49,49,96.5,96.5,279,279,102,102,102,284.5,284.5,252,252,114,131.5,215.5,4.5,4.5,105,105,105,301.5,301.5,301.5,,,,,,,,,,,,,,,,,,,,,,,,,,,,,,,,,,,,,,,,,,,,,,,,,,,,,,,,,,,
lcl|OL800988_Cocculina_sp_Solomon,6,6,6,214,256,3894,1025,1025,1025,1025,1028,79,94,191.5,186,144,75.5,192,192,116,152,152,109,156,195,151.5,116,4,4.5,57,57,109.5,109.5,28,144,144,173.5,162,186.5,133.5,351,157.5,151.5,151.5,151.5,64,64,64,49.5,49.5,49.5,49.5,234,188,113,113,113,34,154,154,49,49,96.5,96.5,279,279,102,102,102,284.5,284.5,252,252,114,131.5,215.5,4.5,4.5,105,105,105,301.5,301.5,301.5,0,,,,,,,,,,,,,,,,,,,,,,,,,,,,,,,,,,,,,,,,,,,,,,,,,,,,,,,,,,
lcl|OL800989_Cocculina_subcompressa_Solomon,6,6,6,214,256,3894,1025,1025,1025,1025,1028,79,94,191.5,186,144,75.5,192,192,116,152,152,109,156,195,151.5,116,4,4.5,57,57,109.5,109.5,28,144,144,173.5,162,186.5,133.5,351,157.5,151.5,151.5,151.5,64,64,64,49.5,49.5,49.5,49.5,234,188,113,113,113,34,154,154,49,49,96.5,96.5,279,279,102,102,102,284.5,284.5,252,252,114,131.5,215.5,4.5,4.5,105,105,105,301.5,301.5,301.5,0,0,,,,,,,,,,,,,,,,,,,,,,,,,,,,,,,,,,,,,,,,,,,,,,,,,,,,,,,,,
lcl|OL800991_Cocculina_subcompressa_Solomon,166,166,166,42,428,3722,853,853,853,853,856,93,78,19.5,358,28,96.5,20,20,56,324,324,63,328,367,323.5,288,168,167.5,115,115,62.5,62.5,200,28,28,1.5,10,358.5,305.5,179,329.5,20.5,20.5,20.5,236,236,236,221.5,221.5,221.5,221.5,62,16,59,59,59,138,18,18,123,123,75.5,75.5,107,107,274,274,274,456.5,456.5,424,424,58,40.5,43.5,176.5,176.5,67,67,67,129.5,129.5,129.5,172,172,172,,,,,,,,,,,,,,,,,,,,,,,,,,,,,,,,,,,,,,,,,,,,,,,,,,,,,,,,
lcl|OL800992_Cocculina_subcompressa_Solomon,166,166,166,42,428,3722,853,853,853,853,856,93,78,19.5,358,28,96.5,20,20,56,324,324,63,328,367,323.5,288,168,167.5,115,115,62.5,62.5,200,28,28,1.5,10,358.5,305.5,179,329.5,20.5,20.5,20.5,236,236,236,221.5,221.5,221.5,221.5,62,16,59,59,59,138,18,18,123,123,75.5,75.5,107,107,274,274,274,456.5,456.5,424,424,58,40.5,43.5,176.5,176.5,67,67,67,129.5,129.5,129.5,172,172,172,0,,,,,,,,,,,,,,,,,,,,,,,,,,,,,,,,,,,,,,,,,,,,,,,,,,,,,,,
lcl|OL800993_Cocculina_subcompressa_Solomon,166,166,166,42,428,3722,853,853,853,853,856,93,78,19.5,358,28,96.5,20,20,56,324,324,63,328,367,323.5,288,168,167.5,115,115,62.5,62.5,200,28,28,1.5,10,358.5,305.5,179,329.5,20.5,20.5,20.5,236,236,236,221.5,221.5,221.5,221.5,62,16,59,59,59,138,18,18,123,123,75.5,75.5,107,107,274,274,274,456.5,456.5,424,424,58,40.5,43.5,176.5,176.5,67,67,67,129.5,129.5,129.5,172,172,172,0,0,,,,,,,,,,,,,,,,,,,,,,,,,,,,,,,,,,,,,,,,,,,,,,,,,,,,,,
lcl|OL800994_Cocculina_subcompressa_Solomon,133.5,133.5,133.5,74.5,395.5,3754.5,885.5,885.5,885.5,885.5,888.5,60.5,45.5,52,325.5,4.5,64,52.5,52.5,23.5,291.5,291.5,30.5,295.5,334.5,291,255.5,135.5,135,82.5,82.5,30,30,167.5,4.5,4.5,34,22.5,326,273,211.5,297,12,12,12,203.5,203.5,203.5,189,189,189,189,94.5,48.5,26.5,26.5,26.5,105.5,14.5,14.5,90.5,90.5,43,43,139.5,139.5,241.5,241.5,241.5,424,424,391.5,391.5,25.5,8,76,144,144,34.5,34.5,34.5,162,162,162,139.5,139.5,139.5,32.5,32.5,32.5,,,,,,,,,,,,,,,,,,,,,,,,,,,,,,,,,,,,,,,,,,,,,,,,,,,,,
lcl|OL800995_Cocculina_subcompressa_Solomon,8.5,8.5,8.5,199.5,270.5,3879.5,1010.5,1010.5,1010.5,1010.5,1013.5,64.5,79.5,177,200.5,129.5,61,177.5,177.5,101.5,166.5,166.5,94.5,170.5,209.5,166,130.5,10.5,10,42.5,42.5,95,95,42.5,129.5,129.5,159,147.5,201,148,336.5,172,137,137,137,78.5,78.5,78.5,64,64,64,64,219.5,173.5,98.5,98.5,98.5,19.5,139.5,139.5,34.5,34.5,82,82,264.5,264.5,116.5,116.5,116.5,299,299,266.5,266.5,99.5,117,201,19,19,90.5,90.5,90.5,287,287,287,14.5,14.5,14.5,157.5,157.5,157.5,125,,,,,,,,,,,,,,,,,,,,,,,,,,,,,,,,,,,,,,,,,,,,,,,,,,,,
lcl|OL800996_Cocculina_subcompressa_Solomon,8.5,8.5,8.5,199.5,270.5,3879.5,1010.5,1010.5,1010.5,1010.5,1013.5,64.5,79.5,177,200.5,129.5,61,177.5,177.5,101.5,166.5,166.5,94.5,170.5,209.5,166,130.5,10.5,10,42.5,42.5,95,95,42.5,129.5,129.5,159,147.5,201,148,336.5,172,137,137,137,78.5,78.5,78.5,64,64,64,64,219.5,173.5,98.5,98.5,98.5,19.5,139.5,139.5,34.5,34.5,82,82,264.5,264.5,116.5,116.5,116.5,299,299,266.5,266.5,99.5,117,201,19,19,90.5,90.5,90.5,287,287,287,14.5,14.5,14.5,157.5,157.5,157.5,125,0,,,,,,,,,,,,,,,,,,,,,,,,,,,,,,,,,,,,,,,,,,,,,,,,,,,
lcl|OL800997_Cocculina_subcompressa_Solomon,8.5,8.5,8.5,199.5,270.5,3879.5,1010.5,1010.5,1010.5,1010.5,1013.5,64.5,79.5,177,200.5,129.5,61,177.5,177.5,101.5,166.5,166.5,94.5,170.5,209.5,166,130.5,10.5,10,42.5,42.5,95,95,42.5,129.5,129.5,159,147.5,201,148,336.5,172,137,137,137,78.5,78.5,78.5,64,64,64,64,219.5,173.5,98.5,98.5,98.5,19.5,139.5,139.5,34.5,34.5,82,82,264.5,264.5,116.5,116.5,116.5,299,299,266.5,266.5,99.5,117,201,19,19,90.5,90.5,90.5,287,287,287,14.5,14.5,14.5,157.5,157.5,157.5,125,0,0,,,,,,,,,,,,,,,,,,,,,,,,,,,,,,,,,,,,,,,,,,,,,,,,,,
lcl|OL800998_Cocculina_subcompressa_Solomon,8.5,8.5,8.5,199.5,270.5,3879.5,1010.5,1010.5,1010.5,1010.5,1013.5,64.5,79.5,177,200.5,129.5,61,177.5,177.5,101.5,166.5,166.5,94.5,170.5,209.5,166,130.5,10.5,10,42.5,42.5,95,95,42.5,129.5,129.5,159,147.5,201,148,336.5,172,137,137,137,78.5,78.5,78.5,64,64,64,64,219.5,173.5,98.5,98.5,98.5,19.5,139.5,139.5,34.5,34.5,82,82,264.5,264.5,116.5,116.5,116.5,299,299,266.5,266.5,99.5,117,201,19,19,90.5,90.5,90.5,287,287,287,14.5,14.5,14.5,157.5,157.5,157.5,125,0,0,0,,,,,,,,,,,,,,,,,,,,,,,,,,,,,,,,,,,,,,,,,,,,,,,,,
lcl|OL801001_Cocculina_ovata_PapuaNewGuinea,129.5,129.5,129.5,337.5,132.5,4017.5,1148.5,1148.5,1148.5,1148.5,1151.5,202.5,217.5,315,62.5,267.5,199,315.5,315.5,239.5,28.5,28.5,232.5,32.5,71.5,28,7.5,127.5,128,180.5,180.5,233,233,95.5,267.5,267.5,297,285.5,63,10,474.5,34,275,275,275,59.5,59.5,59.5,74,74,74,74,357.5,311.5,236.5,236.5,236.5,157.5,277.5,277.5,172.5,172.5,220,220,402.5,402.5,21.5,21.5,21.5,161,161,128.5,128.5,237.5,255,339,119,119,228.5,228.5,228.5,425,425,425,123.5,123.5,123.5,295.5,295.5,295.5,263,138,138,138,138,,,,,,,,,,,,,,,,,,,,,,,,,,,,,,,,,,,,,,,,,,,,,,,,
lcl|OL801002_Cocculina_ovata_PapuaNewGuinea,129.5,129.5,129.5,337.5,132.5,4017.5,1148.5,1148.5,1148.5,1148.5,1151.5,202.5,217.5,315,62.5,267.5,199,315.5,315.5,239.5,28.5,28.5,232.5,32.5,71.5,28,7.5,127.5,128,180.5,180.5,233,233,95.5,267.5,267.5,297,285.5,63,10,474.5,34,275,275,275,59.5,59.5,59.5,74,74,74,74,357.5,311.5,236.5,236.5,236.5,157.5,277.5,277.5,172.5,172.5,220,220,402.5,402.5,21.5,21.5,21.5,161,161,128.5,128.5,237.5,255,339,119,119,228.5,228.5,228.5,425,425,425,123.5,123.5,123.5,295.5,295.5,295.5,263,138,138,138,138,0,,,,,,,,,,,,,,,,,,,,,,,,,,,,,,,,,,,,,,,,,,,,,,,
lcl|OL801003_Cocculina_ovata_PapuaNewGuinea,129.5,129.5,129.5,337.5,132.5,4017.5,1148.5,1148.5,1148.5,1148.5,1151.5,202.5,217.5,315,62.5,267.5,199,315.5,315.5,239.5,28.5,28.5,232.5,32.5,71.5,28,7.5,127.5,128,180.5,180.5,233,233,95.5,267.5,267.5,297,285.5,63,10,474.5,34,275,275,275,59.5,59.5,59.5,74,74,74,74,357.5,311.5,236.5,236.5,236.5,157.5,277.5,277.5,172.5,172.5,220,220,402.5,402.5,21.5,21.5,21.5,161,161,128.5,128.5,237.5,255,339,119,119,228.5,228.5,228.5,425,425,425,123.5,123.5,123.5,295.5,295.5,295.5,263,138,138,138,138,0,0,,,,,,,,,,,,,,,,,,,,,,,,,,,,,,,,,,,,,,,,,,,,,,
lcl|OL801005_Cocculina_sp_Madagascar,108,108,108,100,370,3780,911,911,911,911,914,35,20,77.5,300,30,38.5,78,78,2,266,266,5,270,309,265.5,230,110,109.5,57,57,4.5,4.5,142,30,30,59.5,48,300.5,247.5,237,271.5,37.5,37.5,37.5,178,178,178,163.5,163.5,163.5,163.5,120,74,1,1,1,80,40,40,65,65,17.5,17.5,165,165,216,216,216,398.5,398.5,366,366,0,17.5,101.5,118.5,118.5,9,9,9,187.5,187.5,187.5,114,114,114,58,58,58,25.5,99.5,99.5,99.5,99.5,237.5,237.5,237.5,,,,,,,,,,,,,,,,,,,,,,,,,,,,,,,,,,,,,,,,,,,,,
lcl|OL801007_Cocculina_subcompressa_PapuaNewGuinea,163,163,163,45,425,3725,856,856,856,856,859,90,75,22.5,355,25,93.5,23,23,53,321,321,60,325,364,320.5,285,165,164.5,112,112,59.5,59.5,197,25,25,4.5,7,355.5,302.5,182,326.5,17.5,17.5,17.5,233,233,233,218.5,218.5,218.5,218.5,65,19,56,56,56,135,15,15,120,120,72.5,72.5,110,110,271,271,271,453.5,453.5,421,421,55,37.5,46.5,173.5,173.5,64,64,64,132.5,132.5,132.5,169,169,169,3,3,3,29.5,154.5,154.5,154.5,154.5,292.5,292.5,292.5,55,,,,,,,,,,,,,,,,,,,,,,,,,,,,,,,,,,,,,,,,,,,,
lcl|OL801037_Cocculina_ovata_PapuaNewGuinea,106,106,106,314,156,3994,1125,1125,1125,1125,1128,179,194,291.5,86,244,175.5,292,292,216,52,52,209,56,95,51.5,16,104,104.5,157,157,209.5,209.5,72,244,244,273.5,262,86.5,33.5,451,57.5,251.5,251.5,251.5,36,36,36,50.5,50.5,50.5,50.5,334,288,213,213,213,134,254,254,149,149,196.5,196.5,379,379,2,2,2,184.5,184.5,152,152,214,231.5,315.5,95.5,95.5,205,205,205,401.5,401.5,401.5,100,100,100,272,272,272,239.5,114.5,114.5,114.5,114.5,23.5,23.5,23.5,214,269,,,,,,,,,,,,,,,,,,,,,,,,,,,,,,,,,,,,,,,,,,,
lcl|OL801038_Cocculina_ovata_PapuaNewGuinea,106,106,106,314,156,3994,1125,1125,1125,1125,1128,179,194,291.5,86,244,175.5,292,292,216,52,52,209,56,95,51.5,16,104,104.5,157,157,209.5,209.5,72,244,244,273.5,262,86.5,33.5,451,57.5,251.5,251.5,251.5,36,36,36,50.5,50.5,50.5,50.5,334,288,213,213,213,134,254,254,149,149,196.5,196.5,379,379,2,2,2,184.5,184.5,152,152,214,231.5,315.5,95.5,95.5,205,205,205,401.5,401.5,401.5,100,100,100,272,272,272,239.5,114.5,114.5,114.5,114.5,23.5,23.5,23.5,214,269,0,,,,,,,,,,,,,,,,,,,,,,,,,,,,,,,,,,,,,,,,,,
lcl|OL801039_Cocculina_ovata_PapuaNewGuinea,106,106,106,314,156,3994,1125,1125,1125,1125,1128,179,194,291.5,86,244,175.5,292,292,216,52,52,209,56,95,51.5,16,104,104.5,157,157,209.5,209.5,72,244,244,273.5,262,86.5,33.5,451,57.5,251.5,251.5,251.5,36,36,36,50.5,50.5,50.5,50.5,334,288,213,213,213,134,254,254,149,149,196.5,196.5,379,379,2,2,2,184.5,184.5,152,152,214,231.5,315.5,95.5,95.5,205,205,205,401.5,401.5,401.5,100,100,100,272,272,272,239.5,114.5,114.5,114.5,114.5,23.5,23.5,23.5,214,269,0,0,,,,,,,,,,,,,,,,,,,,,,,,,,,,,,,,,,,,,,,,,
lcl|OL801040_Cocculina_subcompressa_PapuaNewGuinea,28.5,28.5,28.5,179.5,290.5,3859.5,990.5,990.5,990.5,990.5,993.5,44.5,59.5,157,220.5,109.5,41,157.5,157.5,81.5,186.5,186.5,74.5,190.5,229.5,186,150.5,30.5,30,22.5,22.5,75,75,62.5,109.5,109.5,139,127.5,221,168,316.5,192,117,117,117,98.5,98.5,98.5,84,84,84,84,199.5,153.5,78.5,78.5,78.5,0.5,119.5,119.5,14.5,14.5,62,62,244.5,244.5,136.5,136.5,136.5,319,319,286.5,286.5,79.5,97,181,39,39,70.5,70.5,70.5,267,267,267,34.5,34.5,34.5,137.5,137.5,137.5,105,20,20,20,20,158,158,158,79.5,134.5,134.5,134.5,134.5,,,,,,,,,,,,,,,,,,,,,,,,,,,,,,,,,,,,,,,,
lcl|OL801044_Cocculina_ovata_PapuaNewGuinea,203.5,203.5,203.5,411.5,58.5,4091.5,1222.5,1222.5,1222.5,1222.5,1225.5,276.5,291.5,389,11.5,341.5,273,389.5,389.5,313.5,45.5,45.5,306.5,41.5,2.5,46,81.5,201.5,202,254.5,254.5,307,307,169.5,341.5,341.5,371,359.5,11,64,548.5,40,349,349,349,133.5,133.5,133.5,148,148,148,148,431.5,385.5,310.5,310.5,310.5,231.5,351.5,351.5,246.5,246.5,294,294,476.5,476.5,95.5,95.5,95.5,87,87,54.5,54.5,311.5,329,413,193,193,302.5,302.5,302.5,499,499,499,197.5,197.5,197.5,369.5,369.5,369.5,337,212,212,212,212,74,74,74,311.5,366.5,97.5,97.5,97.5,232,,,,,,,,,,,,,,,,,,,,,,,,,,,,,,,,,,,,,,,
lcl|OL801045_Cocculina_ovata_PapuaNewGuinea,203.5,203.5,203.5,411.5,58.5,4091.5,1222.5,1222.5,1222.5,1222.5,1225.5,276.5,291.5,389,11.5,341.5,273,389.5,389.5,313.5,45.5,45.5,306.5,41.5,2.5,46,81.5,201.5,202,254.5,254.5,307,307,169.5,341.5,341.5,371,359.5,11,64,548.5,40,349,349,349,133.5,133.5,133.5,148,148,148,148,431.5,385.5,310.5,310.5,310.5,231.5,351.5,351.5,246.5,246.5,294,294,476.5,476.5,95.5,95.5,95.5,87,87,54.5,54.5,311.5,329,413,193,193,302.5,302.5,302.5,499,499,499,197.5,197.5,197.5,369.5,369.5,369.5,337,212,212,212,212,74,74,74,311.5,366.5,97.5,97.5,97.5,232,0,,,,,,,,,,,,,,,,,,,,,,,,,,,,,,,,,,,,,,
lcl|OL801048_Cocculina_ovata_PapuaNewGuinea,112,112,112,320,150,4000,1131,1131,1131,1131,1134,185,200,297.5,80,250,181.5,298,298,222,46,46,215,50,89,45.5,10,110,110.5,163,163,215.5,215.5,78,250,250,279.5,268,80.5,27.5,457,51.5,257.5,257.5,257.5,42,42,42,56.5,56.5,56.5,56.5,340,294,219,219,219,140,260,260,155,155,202.5,202.5,385,385,4,4,4,178.5,178.5,146,146,220,237.5,321.5,101.5,101.5,211,211,211,407.5,407.5,407.5,106,106,106,278,278,278,245.5,120.5,120.5,120.5,120.5,17.5,17.5,17.5,220,275,6,6,6,140.5,91.5,91.5,,,,,,,,,,,,,,,,,,,,,,,,,,,,,,,,,,,,,
lcl|OL801086_Cocculina_subcompressa_Vanuatu,150,150,150,58,412,3738,869,869,869,869,872,77,62,35.5,342,12,80.5,36,36,40,308,308,47,312,351,307.5,272,152,151.5,99,99,46.5,46.5,184,12,12,17.5,6,342.5,289.5,195,313.5,4.5,4.5,4.5,220,220,220,205.5,205.5,205.5,205.5,78,32,43,43,43,122,2,2,107,107,59.5,59.5,123,123,258,258,258,440.5,440.5,408,408,42,24.5,59.5,160.5,160.5,51,51,51,145.5,145.5,145.5,156,156,156,16,16,16,16.5,141.5,141.5,141.5,141.5,279.5,279.5,279.5,42,13,256,256,256,121.5,353.5,353.5,262,,,,,,,,,,,,,,,,,,,,,,,,,,,,,,,,,,,,
lcl|OL801087_Cocculina_sp_Vanuatu,71,71,71,279,191,3959,1090,1090,1090,1090,1093,144,159,256.5,121,209,140.5,257,257,181,87,87,174,91,130,86.5,51,69,69.5,122,122,174.5,174.5,37,209,209,238.5,227,121.5,68.5,416,92.5,216.5,216.5,216.5,1,1,1,15.5,15.5,15.5,15.5,299,253,178,178,178,99,219,219,114,114,161.5,161.5,344,344,37,37,37,219.5,219.5,187,187,179,196.5,280.5,60.5,60.5,170,170,170,366.5,366.5,366.5,65,65,65,237,237,237,204.5,79.5,79.5,79.5,79.5,58.5,58.5,58.5,179,234,35,35,35,99.5,132.5,132.5,41,221,,,,,,,,,,,,,,,,,,,,,,,,,,,,,,,,,,,
lcl|OL801088_Cocculina_sp_Vanuatu,71,71,71,279,191,3959,1090,1090,1090,1090,1093,144,159,256.5,121,209,140.5,257,257,181,87,87,174,91,130,86.5,51,69,69.5,122,122,174.5,174.5,37,209,209,238.5,227,121.5,68.5,416,92.5,216.5,216.5,216.5,1,1,1,15.5,15.5,15.5,15.5,299,253,178,178,178,99,219,219,114,114,161.5,161.5,344,344,37,37,37,219.5,219.5,187,187,179,196.5,280.5,60.5,60.5,170,170,170,366.5,366.5,366.5,65,65,65,237,237,237,204.5,79.5,79.5,79.5,79.5,58.5,58.5,58.5,179,234,35,35,35,99.5,132.5,132.5,41,221,0,,,,,,,,,,,,,,,,,,,,,,,,,,,,,,,,,,
lcl|OL801089_Cocculina_sp_Vanuatu,71,71,71,279,191,3959,1090,1090,1090,1090,1093,144,159,256.5,121,209,140.5,257,257,181,87,87,174,91,130,86.5,51,69,69.5,122,122,174.5,174.5,37,209,209,238.5,227,121.5,68.5,416,92.5,216.5,216.5,216.5,1,1,1,15.5,15.5,15.5,15.5,299,253,178,178,178,99,219,219,114,114,161.5,161.5,344,344,37,37,37,219.5,219.5,187,187,179,196.5,280.5,60.5,60.5,170,170,170,366.5,366.5,366.5,65,65,65,237,237,237,204.5,79.5,79.5,79.5,79.5,58.5,58.5,58.5,179,234,35,35,35,99.5,132.5,132.5,41,221,0,0,,,,,,,,,,,,,,,,,,,,,,,,,,,,,,,,,
lcl|OL801091_Cocculina_sp_Vanuatu,139.5,139.5,139.5,68.5,401.5,3748.5,879.5,879.5,879.5,879.5,882.5,66.5,51.5,46,331.5,1.5,70,46.5,46.5,29.5,297.5,297.5,36.5,301.5,340.5,297,261.5,141.5,141,88.5,88.5,36,36,173.5,1.5,1.5,28,16.5,332,279,205.5,303,6,6,6,209.5,209.5,209.5,195,195,195,195,88.5,42.5,32.5,32.5,32.5,111.5,8.5,8.5,96.5,96.5,49,49,133.5,133.5,247.5,247.5,247.5,430,430,397.5,397.5,31.5,14,70,150,150,40.5,40.5,40.5,156,156,156,145.5,145.5,145.5,26.5,26.5,26.5,6,131,131,131,131,269,269,269,31.5,23.5,245.5,245.5,245.5,111,343,343,251.5,10.5,210.5,210.5,210.5,,,,,,,,,,,,,,,,,,,,,,,,,,,,,,,,
lcl|OL801092_Cocculina_ovata_Philippines,211,211,211,419,51,4099,1230,1230,1230,1230,1233,284,299,396.5,19,349,280.5,397,397,321,53,53,314,49,10,53.5,89,209,209.5,262,262,314.5,314.5,177,349,349,378.5,367,18.5,71.5,556,47.5,356.5,356.5,356.5,141,141,141,155.5,155.5,155.5,155.5,439,393,318,318,318,239,359,359,254,254,301.5,301.5,484,484,103,103,103,79.5,79.5,47,47,319,336.5,420.5,200.5,200.5,310,310,310,506.5,506.5,506.5,205,205,205,377,377,377,344.5,219.5,219.5,219.5,219.5,81.5,81.5,81.5,319,374,105,105,105,239.5,7.5,7.5,99,361,140,140,140,350.5,,,,,,,,,,,,,,,,,,,,,,,,,,,,,,,
lcl|OL801093_Cocculina_ovata_Philippines,211,211,211,419,51,4099,1230,1230,1230,1230,1233,284,299,396.5,19,349,280.5,397,397,321,53,53,314,49,10,53.5,89,209,209.5,262,262,314.5,314.5,177,349,349,378.5,367,18.5,71.5,556,47.5,356.5,356.5,356.5,141,141,141,155.5,155.5,155.5,155.5,439,393,318,318,318,239,359,359,254,254,301.5,301.5,484,484,103,103,103,79.5,79.5,47,47,319,336.5,420.5,200.5,200.5,310,310,310,506.5,506.5,506.5,205,205,205,377,377,377,344.5,219.5,219.5,219.5,219.5,81.5,81.5,81.5,319,374,105,105,105,239.5,7.5,7.5,99,361,140,140,140,350.5,0,,,,,,,,,,,,,,,,,,,,,,,,,,,,,,
lcl|OL801094_Cocculina_ovata_Philippines,211,211,211,419,51,4099,1230,1230,1230,1230,1233,284,299,396.5,19,349,280.5,397,397,321,53,53,314,49,10,53.5,89,209,209.5,262,262,314.5,314.5,177,349,349,378.5,367,18.5,71.5,556,47.5,356.5,356.5,356.5,141,141,141,155.5,155.5,155.5,155.5,439,393,318,318,318,239,359,359,254,254,301.5,301.5,484,484,103,103,103,79.5,79.5,47,47,319,336.5,420.5,200.5,200.5,310,310,310,506.5,506.5,506.5,205,205,205,377,377,377,344.5,219.5,219.5,219.5,219.5,81.5,81.5,81.5,319,374,105,105,105,239.5,7.5,7.5,99,361,140,140,140,350.5,0,0,,,,,,,,,,,,,,,,,,,,,,,,,,,,,
lcl|OL801095_Cocculina_ovata_Philippines,211,211,211,419,51,4099,1230,1230,1230,1230,1233,284,299,396.5,19,349,280.5,397,397,321,53,53,314,49,10,53.5,89,209,209.5,262,262,314.5,314.5,177,349,349,378.5,367,18.5,71.5,556,47.5,356.5,356.5,356.5,141,141,141,155.5,155.5,155.5,155.5,439,393,318,318,318,239,359,359,254,254,301.5,301.5,484,484,103,103,103,79.5,79.5,47,47,319,336.5,420.5,200.5,200.5,310,310,310,506.5,506.5,506.5,205,205,205,377,377,377,344.5,219.5,219.5,219.5,219.5,81.5,81.5,81.5,319,374,105,105,105,239.5,7.5,7.5,99,361,140,140,140,350.5,0,0,0,,,,,,,,,,,,,,,,,,,,,,,,,,,,
lcl|OL801099_Cocculina_ovata_Philippines,211,211,211,419,51,4099,1230,1230,1230,1230,1233,284,299,396.5,19,349,280.5,397,397,321,53,53,314,49,10,53.5,89,209,209.5,262,262,314.5,314.5,177,349,349,378.5,367,18.5,71.5,556,47.5,356.5,356.5,356.5,141,141,141,155.5,155.5,155.5,155.5,439,393,318,318,318,239,359,359,254,254,301.5,301.5,484,484,103,103,103,79.5,79.5,47,47,319,336.5,420.5,200.5,200.5,310,310,310,506.5,506.5,506.5,205,205,205,377,377,377,344.5,219.5,219.5,219.5,219.5,81.5,81.5,81.5,319,374,105,105,105,239.5,7.5,7.5,99,361,140,140,140,350.5,0,0,0,0,,,,,,,,,,,,,,,,,,,,,,,,,,,
lcl|OL801100_Cocculina_ovata_Philippines,211,211,211,419,51,4099,1230,1230,1230,1230,1233,284,299,396.5,19,349,280.5,397,397,321,53,53,314,49,10,53.5,89,209,209.5,262,262,314.5,314.5,177,349,349,378.5,367,18.5,71.5,556,47.5,356.5,356.5,356.5,141,141,141,155.5,155.5,155.5,155.5,439,393,318,318,318,239,359,359,254,254,301.5,301.5,484,484,103,103,103,79.5,79.5,47,47,319,336.5,420.5,200.5,200.5,310,310,310,506.5,506.5,506.5,205,205,205,377,377,377,344.5,219.5,219.5,219.5,219.5,81.5,81.5,81.5,319,374,105,105,105,239.5,7.5,7.5,99,361,140,140,140,350.5,0,0,0,0,0,,,,,,,,,,,,,,,,,,,,,,,,,,
lcl|OL801101_Cocculina_ovata_Philippines,211,211,211,419,51,4099,1230,1230,1230,1230,1233,284,299,396.5,19,349,280.5,397,397,321,53,53,314,49,10,53.5,89,209,209.5,262,262,314.5,314.5,177,349,349,378.5,367,18.5,71.5,556,47.5,356.5,356.5,356.5,141,141,141,155.5,155.5,155.5,155.5,439,393,318,318,318,239,359,359,254,254,301.5,301.5,484,484,103,103,103,79.5,79.5,47,47,319,336.5,420.5,200.5,200.5,310,310,310,506.5,506.5,506.5,205,205,205,377,377,377,344.5,219.5,219.5,219.5,219.5,81.5,81.5,81.5,319,374,105,105,105,239.5,7.5,7.5,99,361,140,140,140,350.5,0,0,0,0,0,0,,,,,,,,,,,,,,,,,,,,,,,,,
lcl|OL801104_Cocculina_ovata_Philippines,211,211,211,419,51,4099,1230,1230,1230,1230,1233,284,299,396.5,19,349,280.5,397,397,321,53,53,314,49,10,53.5,89,209,209.5,262,262,314.5,314.5,177,349,349,378.5,367,18.5,71.5,556,47.5,356.5,356.5,356.5,141,141,141,155.5,155.5,155.5,155.5,439,393,318,318,318,239,359,359,254,254,301.5,301.5,484,484,103,103,103,79.5,79.5,47,47,319,336.5,420.5,200.5,200.5,310,310,310,506.5,506.5,506.5,205,205,205,377,377,377,344.5,219.5,219.5,219.5,219.5,81.5,81.5,81.5,319,374,105,105,105,239.5,7.5,7.5,99,361,140,140,140,350.5,0,0,0,0,0,0,0,,,,,,,,,,,,,,,,,,,,,,,,
lcl|OL801105_Cocculina_ovata_Philippines,211,211,211,419,51,4099,1230,1230,1230,1230,1233,284,299,396.5,19,349,280.5,397,397,321,53,53,314,49,10,53.5,89,209,209.5,262,262,314.5,314.5,177,349,349,378.5,367,18.5,71.5,556,47.5,356.5,356.5,356.5,141,141,141,155.5,155.5,155.5,155.5,439,393,318,318,318,239,359,359,254,254,301.5,301.5,484,484,103,103,103,79.5,79.5,47,47,319,336.5,420.5,200.5,200.5,310,310,310,506.5,506.5,506.5,205,205,205,377,377,377,344.5,219.5,219.5,219.5,219.5,81.5,81.5,81.5,319,374,105,105,105,239.5,7.5,7.5,99,361,140,140,140,350.5,0,0,0,0,0,0,0,0,,,,,,,,,,,,,,,,,,,,,,,
lcl|OL801106_Cocculina_ovata_Philippines,211,211,211,419,51,4099,1230,1230,1230,1230,1233,284,299,396.5,19,349,280.5,397,397,321,53,53,314,49,10,53.5,89,209,209.5,262,262,314.5,314.5,177,349,349,378.5,367,18.5,71.5,556,47.5,356.5,356.5,356.5,141,141,141,155.5,155.5,155.5,155.5,439,393,318,318,318,239,359,359,254,254,301.5,301.5,484,484,103,103,103,79.5,79.5,47,47,319,336.5,420.5,200.5,200.5,310,310,310,506.5,506.5,506.5,205,205,205,377,377,377,344.5,219.5,219.5,219.5,219.5,81.5,81.5,81.5,319,374,105,105,105,239.5,7.5,7.5,99,361,140,140,140,350.5,0,0,0,0,0,0,0,0,0,,,,,,,,,,,,,,,,,,,,,,
lcl|OL801108_Cocculina_ovata_Philippines,211,211,211,419,51,4099,1230,1230,1230,1230,1233,284,299,396.5,19,349,280.5,397,397,321,53,53,314,49,10,53.5,89,209,209.5,262,262,314.5,314.5,177,349,349,378.5,367,18.5,71.5,556,47.5,356.5,356.5,356.5,141,141,141,155.5,155.5,155.5,155.5,439,393,318,318,318,239,359,359,254,254,301.5,301.5,484,484,103,103,103,79.5,79.5,47,47,319,336.5,420.5,200.5,200.5,310,310,310,506.5,506.5,506.5,205,205,205,377,377,377,344.5,219.5,219.5,219.5,219.5,81.5,81.5,81.5,319,374,105,105,105,239.5,7.5,7.5,99,361,140,140,140,350.5,0,0,0,0,0,0,0,0,0,0,,,,,,,,,,,,,,,,,,,,,
lcl|OL801109_Cocculina_ovata_Philippines,211,211,211,419,51,4099,1230,1230,1230,1230,1233,284,299,396.5,19,349,280.5,397,397,321,53,53,314,49,10,53.5,89,209,209.5,262,262,314.5,314.5,177,349,349,378.5,367,18.5,71.5,556,47.5,356.5,356.5,356.5,141,141,141,155.5,155.5,155.5,155.5,439,393,318,318,318,239,359,359,254,254,301.5,301.5,484,484,103,103,103,79.5,79.5,47,47,319,336.5,420.5,200.5,200.5,310,310,310,506.5,506.5,506.5,205,205,205,377,377,377,344.5,219.5,219.5,219.5,219.5,81.5,81.5,81.5,319,374,105,105,105,239.5,7.5,7.5,99,361,140,140,140,350.5,0,0,0,0,0,0,0,0,0,0,0,,,,,,,,,,,,,,,,,,,,
lcl|OL801110_Cocculina_ovata_Philippines,157.5,157.5,157.5,365.5,104.5,4045.5,1176.5,1176.5,1176.5,1176.5,1179.5,230.5,245.5,343,34.5,295.5,227,343.5,343.5,267.5,0.5,0.5,260.5,4.5,43.5,0,35.5,155.5,156,208.5,208.5,261,261,123.5,295.5,295.5,325,313.5,35,18,502.5,6,303,303,303,87.5,87.5,87.5,102,102,102,102,385.5,339.5,264.5,264.5,264.5,185.5,305.5,305.5,200.5,200.5,248,248,430.5,430.5,49.5,49.5,49.5,133,133,100.5,100.5,265.5,283,367,147,147,256.5,256.5,256.5,453,453,453,151.5,151.5,151.5,323.5,323.5,323.5,291,166,166,166,166,28,28,28,265.5,320.5,51.5,51.5,51.5,186,46,46,45.5,307.5,86.5,86.5,86.5,297,53.5,53.5,53.5,53.5,53.5,53.5,53.5,53.5,53.5,53.5,53.5,53.5,,,,,,,,,,,,,,,,,,,
lcl|OL801115_Cocculina_sp_Solomon,112,112,112,320,150,4000,1131,1131,1131,1131,1134,185,200,297.5,80,250,181.5,298,298,222,46,46,215,50,89,45.5,10,110,110.5,163,163,215.5,215.5,78,250,250,279.5,268,80.5,27.5,457,51.5,257.5,257.5,257.5,42,42,42,56.5,56.5,56.5,56.5,340,294,219,219,219,140,260,260,155,155,202.5,202.5,385,385,4,4,4,178.5,178.5,146,146,220,237.5,321.5,101.5,101.5,211,211,211,407.5,407.5,407.5,106,106,106,278,278,278,245.5,120.5,120.5,120.5,120.5,17.5,17.5,17.5,220,275,6,6,6,140.5,91.5,91.5,0,262,41,41,41,251.5,99,99,99,99,99,99,99,99,99,99,99,99,45.5,,,,,,,,,,,,,,,,,,
lcl|OL801116_Cocculina_sp_Solomon,112,112,112,320,150,4000,1131,1131,1131,1131,1134,185,200,297.5,80,250,181.5,298,298,222,46,46,215,50,89,45.5,10,110,110.5,163,163,215.5,215.5,78,250,250,279.5,268,80.5,27.5,457,51.5,257.5,257.5,257.5,42,42,42,56.5,56.5,56.5,56.5,340,294,219,219,219,140,260,260,155,155,202.5,202.5,385,385,4,4,4,178.5,178.5,146,146,220,237.5,321.5,101.5,101.5,211,211,211,407.5,407.5,407.5,106,106,106,278,278,278,245.5,120.5,120.5,120.5,120.5,17.5,17.5,17.5,220,275,6,6,6,140.5,91.5,91.5,0,262,41,41,41,251.5,99,99,99,99,99,99,99,99,99,99,99,99,45.5,0,,,,,,,,,,,,,,,,,
lcl|OL801117_Cocculina_subcompressa_PapuaNewGuinea,28,28,28,180,290,3860,991,991,991,991,994,45,60,157.5,220,110,41.5,158,158,82,186,186,75,190,229,185.5,150,30,29.5,23,23,75.5,75.5,62,110,110,139.5,128,220.5,167.5,317,191.5,117.5,117.5,117.5,98,98,98,83.5,83.5,83.5,83.5,200,154,79,79,79,0,120,120,15,15,62.5,62.5,245,245,136,136,136,318.5,318.5,286,286,80,97.5,181.5,38.5,38.5,71,71,71,267.5,267.5,267.5,34,34,34,138,138,138,105.5,19.5,19.5,19.5,19.5,157.5,157.5,157.5,80,135,134,134,134,0.5,231.5,231.5,140,122,99,99,99,111.5,239,239,239,239,239,239,239,239,239,239,239,239,185.5,140,140,,,,,,,,,,,,,,,,
lcl|OL801120_Cocculina_subcompressa_PapuaNewGuinea,43,43,43,165,305,3845,976,976,976,976,979,30,45,142.5,235,95,26.5,143,143,67,201,201,60,205,244,200.5,165,45,44.5,8,8,60.5,60.5,77,95,95,124.5,113,235.5,182.5,302,206.5,102.5,102.5,102.5,113,113,113,98.5,98.5,98.5,98.5,185,139,64,64,64,15,105,105,0,0,47.5,47.5,230,230,151,151,151,333.5,333.5,301,301,65,82.5,166.5,53.5,53.5,56,56,56,252.5,252.5,252.5,49,49,49,123,123,123,90.5,34.5,34.5,34.5,34.5,172.5,172.5,172.5,65,120,149,149,149,14.5,246.5,246.5,155,107,114,114,114,96.5,254,254,254,254,254,254,254,254,254,254,254,254,200.5,155,155,15,,,,,,,,,,,,,,,
lcl|OL801127_Cocculina_subcompressa_PapuaNewGuinea,3,3,3,205,265,3885,1016,1016,1016,1016,1019,70,85,182.5,195,135,66.5,183,183,107,161,161,100,165,204,160.5,125,5,4.5,48,48,100.5,100.5,37,135,135,164.5,153,195.5,142.5,342,166.5,142.5,142.5,142.5,73,73,73,58.5,58.5,58.5,58.5,225,179,104,104,104,25,145,145,40,40,87.5,87.5,270,270,111,111,111,293.5,293.5,261,261,105,122.5,206.5,13.5,13.5,96,96,96,292.5,292.5,292.5,9,9,9,163,163,163,130.5,5.5,5.5,5.5,5.5,132.5,132.5,132.5,105,160,109,109,109,25.5,206.5,206.5,115,147,74,74,74,136.5,214,214,214,214,214,214,214,214,214,214,214,214,160.5,115,115,25,40,,,,,,,,,,,,,,
lcl|OL801128_Cocculina_subcompressa_PapuaNewGuinea,3,3,3,205,265,3885,1016,1016,1016,1016,1019,70,85,182.5,195,135,66.5,183,183,107,161,161,100,165,204,160.5,125,5,4.5,48,48,100.5,100.5,37,135,135,164.5,153,195.5,142.5,342,166.5,142.5,142.5,142.5,73,73,73,58.5,58.5,58.5,58.5,225,179,104,104,104,25,145,145,40,40,87.5,87.5,270,270,111,111,111,293.5,293.5,261,261,105,122.5,206.5,13.5,13.5,96,96,96,292.5,292.5,292.5,9,9,9,163,163,163,130.5,5.5,5.5,5.5,5.5,132.5,132.5,132.5,105,160,109,109,109,25.5,206.5,206.5,115,147,74,74,74,136.5,214,214,214,214,214,214,214,214,214,214,214,214,160.5,115,115,25,40,0,,,,,,,,,,,,,
lcl|OL801137_Cocculina_subcompressa_PapuaNewGuinea,103.5,103.5,103.5,104.5,365.5,3784.5,915.5,915.5,915.5,915.5,918.5,30.5,15.5,82,295.5,34.5,34,82.5,82.5,6.5,261.5,261.5,0.5,265.5,304.5,261,225.5,105.5,105,52.5,52.5,0,0,137.5,34.5,34.5,64,52.5,296,243,241.5,267,42,42,42,173.5,173.5,173.5,159,159,159,159,124.5,78.5,3.5,3.5,3.5,75.5,44.5,44.5,60.5,60.5,13,13,169.5,169.5,211.5,211.5,211.5,394,394,361.5,361.5,4.5,22,106,114,114,4.5,4.5,4.5,192,192,192,109.5,109.5,109.5,62.5,62.5,62.5,30,95,95,95,95,233,233,233,4.5,59.5,209.5,209.5,209.5,75,307,307,215.5,46.5,174.5,174.5,174.5,36,314.5,314.5,314.5,314.5,314.5,314.5,314.5,314.5,314.5,314.5,314.5,314.5,261,215.5,215.5,75.5,60.5,100.5,100.5,,,,,,,,,,,,
lcl|OL801147_Cocculina_rathbuni_Caribbean,271,271,271,63,533,3617,748,748,748,748,751,198,183,85.5,463,133,201.5,85,85,161,429,429,168,433,472,428.5,393,273,272.5,220,220,167.5,167.5,305,133,133,103.5,115,463.5,410.5,74,434.5,125.5,125.5,125.5,341,341,341,326.5,326.5,326.5,326.5,43,89,164,164,164,243,123,123,228,228,180.5,180.5,2,2,379,379,379,561.5,561.5,529,529,163,145.5,61.5,281.5,281.5,172,172,172,24.5,24.5,24.5,277,277,277,105,105,105,137.5,262.5,262.5,262.5,262.5,400.5,400.5,400.5,163,108,377,377,377,242.5,474.5,474.5,383,121,342,342,342,131.5,482,482,482,482,482,482,482,482,482,482,482,482,428.5,383,383,243,228,268,268,167.5,,,,,,,,,,,
lcl|OL801148_Cocculina_rathbuni_Caribbean,454.5,454.5,454.5,246.5,716.5,3433.5,564.5,564.5,564.5,564.5,567.5,381.5,366.5,269,646.5,316.5,385,268.5,268.5,344.5,612.5,612.5,351.5,616.5,655.5,612,576.5,456.5,456,403.5,403.5,351,351,488.5,316.5,316.5,287,298.5,647,594,109.5,618,309,309,309,524.5,524.5,524.5,510,510,510,510,226.5,272.5,347.5,347.5,347.5,426.5,306.5,306.5,411.5,411.5,364,364,181.5,181.5,562.5,562.5,562.5,745,745,712.5,712.5,346.5,329,245,465,465,355.5,355.5,355.5,159,159,159,460.5,460.5,460.5,288.5,288.5,288.5,321,446,446,446,446,584,584,584,346.5,291.5,560.5,560.5,560.5,426,658,658,566.5,304.5,525.5,525.5,525.5,315,665.5,665.5,665.5,665.5,665.5,665.5,665.5,665.5,665.5,665.5,665.5,665.5,612,566.5,566.5,426.5,411.5,451.5,451.5,351,183.5,,,,,,,,,,
lcl|OL801149_Cocculina_rathbuni_Caribbean,454.5,454.5,454.5,246.5,716.5,3433.5,564.5,564.5,564.5,564.5,567.5,381.5,366.5,269,646.5,316.5,385,268.5,268.5,344.5,612.5,612.5,351.5,616.5,655.5,612,576.5,456.5,456,403.5,403.5,351,351,488.5,316.5,316.5,287,298.5,647,594,109.5,618,309,309,309,524.5,524.5,524.5,510,510,510,510,226.5,272.5,347.5,347.5,347.5,426.5,306.5,306.5,411.5,411.5,364,364,181.5,181.5,562.5,562.5,562.5,745,745,712.5,712.5,346.5,329,245,465,465,355.5,355.5,355.5,159,159,159,460.5,460.5,460.5,288.5,288.5,288.5,321,446,446,446,446,584,584,584,346.5,291.5,560.5,560.5,560.5,426,658,658,566.5,304.5,525.5,525.5,525.5,315,665.5,665.5,665.5,665.5,665.5,665.5,665.5,665.5,665.5,665.5,665.5,665.5,612,566.5,566.5,426.5,411.5,451.5,451.5,351,183.5,0,,,,,,,,,
lcl|OL801150_Cocculina_rathbuni_Caribbean,392,392,392,184,654,3496,627,627,627,627,630,319,304,206.5,584,254,322.5,206,206,282,550,550,289,554,593,549.5,514,394,393.5,341,341,288.5,288.5,426,254,254,224.5,236,584.5,531.5,47,555.5,246.5,246.5,246.5,462,462,462,447.5,447.5,447.5,447.5,164,210,285,285,285,364,244,244,349,349,301.5,301.5,119,119,500,500,500,682.5,682.5,650,650,284,266.5,182.5,402.5,402.5,293,293,293,96.5,96.5,96.5,398,398,398,226,226,226,258.5,383.5,383.5,383.5,383.5,521.5,521.5,521.5,284,229,498,498,498,363.5,595.5,595.5,504,242,463,463,463,252.5,603,603,603,603,603,603,603,603,603,603,603,603,549.5,504,504,364,349,389,389,288.5,121,62.5,62.5,,,,,,,,
lcl|OL801151_Cocculina_rathbuni_Caribbean,198,198,198,10,460,3690,821,821,821,821,824,125,110,12.5,390,60,128.5,12,12,88,356,356,95,360,399,355.5,320,200,199.5,147,147,94.5,94.5,232,60,60,30.5,42,390.5,337.5,147,361.5,52.5,52.5,52.5,268,268,268,253.5,253.5,253.5,253.5,30,16,91,91,91,170,50,50,155,155,107.5,107.5,75,75,306,306,306,488.5,488.5,456,456,90,72.5,11.5,208.5,208.5,99,99,99,97.5,97.5,97.5,204,204,204,32,32,32,64.5,189.5,189.5,189.5,189.5,327.5,327.5,327.5,90,35,304,304,304,169.5,401.5,401.5,310,48,269,269,269,58.5,409,409,409,409,409,409,409,409,409,409,409,409,355.5,310,310,170,155,195,195,94.5,73,256.5,256.5,194,,,,,,,
lcl|OL801209_Cocculina_sp_Vanuatu,139.5,139.5,139.5,68.5,401.5,3748.5,879.5,879.5,879.5,879.5,882.5,66.5,51.5,46,331.5,1.5,70,46.5,46.5,29.5,297.5,297.5,36.5,301.5,340.5,297,261.5,141.5,141,88.5,88.5,36,36,173.5,1.5,1.5,28,16.5,332,279,205.5,303,6,6,6,209.5,209.5,209.5,195,195,195,195,88.5,42.5,32.5,32.5,32.5,111.5,8.5,8.5,96.5,96.5,49,49,133.5,133.5,247.5,247.5,247.5,430,430,397.5,397.5,31.5,14,70,150,150,40.5,40.5,40.5,156,156,156,145.5,145.5,145.5,26.5,26.5,26.5,6,131,131,131,131,269,269,269,31.5,23.5,245.5,245.5,245.5,111,343,343,251.5,10.5,210.5,210.5,210.5,0,350.5,350.5,350.5,350.5,350.5,350.5,350.5,350.5,350.5,350.5,350.5,350.5,297,251.5,251.5,111.5,96.5,136.5,136.5,36,131.5,315,315,252.5,58.5,,,,,,
lcl|ON873626_Cocculina_sp_ArcticOcean,3471.5,3471.5,3471.5,3263.5,3733.5,416.5,2452.5,2452.5,2452.5,2452.5,2449.5,3398.5,3383.5,3286,3663.5,3333.5,3402,3285.5,3285.5,3361.5,3629.5,3629.5,3368.5,3633.5,3672.5,3629,3593.5,3473.5,3473,3420.5,3420.5,3368,3368,3505.5,3333.5,3333.5,3304,3315.5,3664,3611,3126.5,3635,3326,3326,3326,3541.5,3541.5,3541.5,3527,3527,3527,3527,3243.5,3289.5,3364.5,3364.5,3364.5,3443.5,3323.5,3323.5,3428.5,3428.5,3381,3381,3198.5,3198.5,3579.5,3579.5,3579.5,3762,3762,3729.5,3729.5,3363.5,3346,3262,3482,3482,3372.5,3372.5,3372.5,3176,3176,3176,3477.5,3477.5,3477.5,3305.5,3305.5,3305.5,3338,3463,3463,3463,3463,3601,3601,3601,3363.5,3308.5,3577.5,3577.5,3577.5,3443,3675,3675,3583.5,3321.5,3542.5,3542.5,3542.5,3332,3682.5,3682.5,3682.5,3682.5,3682.5,3682.5,3682.5,3682.5,3682.5,3682.5,3682.5,3682.5,3629,3583.5,3583.5,3443.5,3428.5,3468.5,3468.5,3368,3200.5,3017,3017,3079.5,3273.5,3332,,,,,
lcl|ON873627_Cocculina_sp_ArcticOcean,3471.5,3471.5,3471.5,3263.5,3733.5,416.5,2452.5,2452.5,2452.5,2452.5,2449.5,3398.5,3383.5,3286,3663.5,3333.5,3402,3285.5,3285.5,3361.5,3629.5,3629.5,3368.5,3633.5,3672.5,3629,3593.5,3473.5,3473,3420.5,3420.5,3368,3368,3505.5,3333.5,3333.5,3304,3315.5,3664,3611,3126.5,3635,3326,3326,3326,3541.5,3541.5,3541.5,3527,3527,3527,3527,3243.5,3289.5,3364.5,3364.5,3364.5,3443.5,3323.5,3323.5,3428.5,3428.5,3381,3381,3198.5,3198.5,3579.5,3579.5,3579.5,3762,3762,3729.5,3729.5,3363.5,3346,3262,3482,3482,3372.5,3372.5,3372.5,3176,3176,3176,3477.5,3477.5,3477.5,3305.5,3305.5,3305.5,3338,3463,3463,3463,3463,3601,3601,3601,3363.5,3308.5,3577.5,3577.5,3577.5,3443,3675,3675,3583.5,3321.5,3542.5,3542.5,3542.5,3332,3682.5,3682.5,3682.5,3682.5,3682.5,3682.5,3682.5,3682.5,3682.5,3682.5,3682.5,3682.5,3629,3583.5,3583.5,3443.5,3428.5,3468.5,3468.5,3368,3200.5,3017,3017,3079.5,3273.5,3332,0,,,,
lcl|ON873628_Cocculina_sp_ArcticOcean,3471.5,3471.5,3471.5,3263.5,3733.5,416.5,2452.5,2452.5,2452.5,2452.5,2449.5,3398.5,3383.5,3286,3663.5,3333.5,3402,3285.5,3285.5,3361.5,3629.5,3629.5,3368.5,3633.5,3672.5,3629,3593.5,3473.5,3473,3420.5,3420.5,3368,3368,3505.5,3333.5,3333.5,3304,3315.5,3664,3611,3126.5,3635,3326,3326,3326,3541.5,3541.5,3541.5,3527,3527,3527,3527,3243.5,3289.5,3364.5,3364.5,3364.5,3443.5,3323.5,3323.5,3428.5,3428.5,3381,3381,3198.5,3198.5,3579.5,3579.5,3579.5,3762,3762,3729.5,3729.5,3363.5,3346,3262,3482,3482,3372.5,3372.5,3372.5,3176,3176,3176,3477.5,3477.5,3477.5,3305.5,3305.5,3305.5,3338,3463,3463,3463,3463,3601,3601,3601,3363.5,3308.5,3577.5,3577.5,3577.5,3443,3675,3675,3583.5,3321.5,3542.5,3542.5,3542.5,3332,3682.5,3682.5,3682.5,3682.5,3682.5,3682.5,3682.5,3682.5,3682.5,3682.5,3682.5,3682.5,3629,3583.5,3583.5,3443.5,3428.5,3468.5,3468.5,3368,3200.5,3017,3017,3079.5,3273.5,3332,0,0,,,
Pyro10_MB2-HCO2198,652,652,652,444,914,3236,367,367,367,367,370,579,564,466.5,844,514,582.5,466,466,542,810,810,549,814,853,809.5,774,654,653.5,601,601,548.5,548.5,686,514,514,484.5,496,844.5,791.5,307,815.5,506.5,506.5,506.5,722,722,722,707.5,707.5,707.5,707.5,424,470,545,545,545,624,504,504,609,609,561.5,561.5,379,379,760,760,760,942.5,942.5,910,910,544,526.5,442.5,662.5,662.5,553,553,553,356.5,356.5,356.5,658,658,658,486,486,486,518.5,643.5,643.5,643.5,643.5,781.5,781.5,781.5,544,489,758,758,758,623.5,855.5,855.5,764,502,723,723,723,512.5,863,863,863,863,863,863,863,863,863,863,863,863,809.5,764,764,624,609,649,649,548.5,381,197.5,197.5,260,454,512.5,2819.5,2819.5,2819.5,,
pyro1-LCO1490_EC5752_QueposSeep_AD4923,652,652,652,444,914,3236,367,367,367,367,370,579,564,466.5,844,514,582.5,466,466,542,810,810,549,814,853,809.5,774,654,653.5,601,601,548.5,548.5,686,514,514,484.5,496,844.5,791.5,307,815.5,506.5,506.5,506.5,722,722,722,707.5,707.5,707.5,707.5,424,470,545,545,545,624,504,504,609,609,561.5,561.5,379,379,760,760,760,942.5,942.5,910,910,544,526.5,442.5,662.5,662.5,553,553,553,356.5,356.5,356.5,658,658,658,486,486,486,518.5,643.5,643.5,643.5,643.5,781.5,781.5,781.5,544,489,758,758,758,623.5,855.5,855.5,764,502,723,723,723,512.5,863,863,863,863,863,863,863,863,863,863,863,863,809.5,764,764,624,609,649,649,548.5,381,197.5,197.5,260,454,512.5,2819.5,2819.5,2819.5,0,
